drop database if exists Online_Retail_Store;

create database Online_Retail_Store;
use Online_Retail_Store;

create table admins (
	admin_id INT NOT NULL PRIMARY KEY AUTO_INCREMENT,
	admin_name VARCHAR(50) NOT NULL,
	admin_username VARCHAR(50) NOT NULL UNIQUE,
	admin_password VARCHAR(50) NOT NULL
);

insert into admins (admin_id, admin_name, admin_username, admin_password)
VALUES (1, 'Tedmund Freeman', 'Vidur', '1234'),
(2, 'Kellen Banger', 'Mure2', 'JQf9tTo17UYa'),
(3, 'Olive Avramovic', 'Amabel3', 'BnAIgl'),
(4, 'Rabbi Staunton', 'Gennifer4', 'mXmOrhRfUa6'),
(5, 'Talyah Eschalette', 'Brewster5', 'UIjhLH'),
(6, 'Lindsey Throughton', 'Irene5l', '9gSSrRVGYh'),
(7, 'Chaddie Britian', 'Geordie234', 'k9u0GfQyet2'),
(8, 'Manfred Broxton', 'Violet6', 'wFZJSneMCQq'),
(9, 'Kienan Wooton', 'Hildega7', 'RV2kXxZOk5SJ'),
(10, 'Herve Townes', 'Robinett8', 'GbbS0ZxxtfQ'),
(11, 'Henri Fer', 'Jedd9', 'aHvioi1ICEU'),
(12, 'Natividad Roubeix', 'Thorstein10', 'ZdCnXS'),
(13, 'Roanne Serot', 'Kinnie11m', 'KwlZhAEuv'),
(14, 'Alys Exall', 'Ami12', 'RFAQBf'),
(15, 'Farrel Rankmore', 'Alexis13', 'tTGJZ06'),
(16, 'Isac Knuckles', 'Elnora14', 'wnasgN2'),
(17, 'Lavena Jones', 'Rosina15', 'NmUl4uf3CRBN'),
(18, 'Gery Skune', 'Yovonnda16', 'hyjsRYEKg'),
(19, 'Angel Cerman', 'Alfi17', 'xedwmX4LH'),
(20, 'Micky Simononsky', 'Nolly18', 'O5BBvOg'),
(21, 'Letty Spenton', 'Thedric19', 'Z7xzE3EgCF'),
(22, 'Clevey Agronski', 'Kellal1234r', '2iWJ64Tg'),
(23, 'Sky Cantera', 'Rodg20es', 'ESbeiZ5d'),
(24, 'Fabian Mathie', 'Arn214', 'IFQmAUocR'),
(25, 'Krystalle Covotto', 'Jo23', '76a9UCYS9'),
(26, 'Edmund Howis', 'Keslie234', 'dbInopWQVbw'),
(27, 'Bidget Licquorish', 'Lil25', 'GCdIeu'),
(28, 'Issy Lamplugh', 'Ave28', 'cbH8h5o'),
(29, 'Stefania Tuff', 'Gabriel29', '6uUL2yhSGl'),
(30, 'Chrotoem Trevna', 'Hersche30', 'vZZHtkrmQPhA'),
(31, 'Koral Blackeby', 'Annaba31', 'yIaLMd6TbCTb'),
(32, 'Aeriell Hodgin', 'Ingra32', 'BBHra6s0WN'),
(33, 'Nicoline Skippings', 'Perrin33', 'RFpmcqfuXTJZ'),
(34, 'Jud Robley', 'Gawai34', '0roBivrCag'),
(35, 'Shandra Denge', 'Ree35', 'KefhIPxaQt'),
(36, 'Carilyn Dahlback', 'Dae36', 'uFftBZGHw'),
(37, 'Barbee Ings', 'Dulse37', 'lQgqep'),
(38, 'Shepherd Larvent', 'Ra38', 'fDHes011s0'),
(39, 'Joanna Allin', 'Pat39', 'TiMPRSqWQ'),
(40, 'El Merlin', 'Briet40', 'uFGvQOvDyJvE'),
(41, 'Tandy Witul', 'Arl41', '0l0HTzCgpZW'),
(42, 'Becki Cardoo', 'Co42', 'eGRXQT'),
(43, 'Dominick Noad', 'Dewai43', 'exNQRr36'),
(44, 'See Capsey', 'Baryra44', 'unz84JYqw6c'),
(45, 'Court Evill', 'Cos45', 'tbhhe2'),
(46, 'Arda Munns', 'Mari46', 'Hk5Pwkl'),
(47, 'Roman Gaskamp', 'Quin47', '4MLb8v'),
(48, 'Tiffie Macro', 'Georgeann48', 'tCdXj9CI'),
(49, 'Angelico Lovejoy', 'Pier49', 'lo0ZE8LqeAU'),
(50, 'Tonie Vivien', 'Flemin50', '4usfRveT'),
(51, 'Brooks Adshed', 'Jennif51', '3CIvOfMwH3'),
(52, 'Chrisse Cripps', 'Kori52', '48DJiIOwmzy'),
(53, 'Bogart Wrist', 'Myr53', 'hIK9HzolF'),
(54, 'Rori Semerad', 'Adha54', 'rZPbomW'),
(55, 'Rosabelle Cradey', 'Broo55ciardelli', 'v4uFXseGDXml'),
(56, 'Wheeler Abisetti', 'To56', 'dK1f4c'),
(57, 'Nicoli Hopkyns', 'Mik57an', '7mNv30X'),
(58, 'Marcelline Clemmey', 'Lambe58essy', 'MgT0TeQBd'),
(59, 'Meriel Lettson', 'Holl59don', 'dfMSnmsJheKI'),
(60, 'Cliff Briddle', 'Lis60ynott', 'T2M8FXClJG7i'),
(61, 'Carolina Taverner', 'Doni61na', 'vO3BJZX'),
(62, 'Antonin Fearon', 'Aubr62le', 'hhIlOd2'),
(63, 'Maurine Dobbin', 'Alex63ey', '7GVRNTEmKo'),
(64, 'Trueman Spandley', 'Mavi64howe', 'dzptRL9M'),
(65, 'Tatiana Casiroli', 'Remingt65gling', '57GIXSm'),
(66, 'Dasie Habbergham', 'Nathan66ise', '7YCuA6JRr'),
(67, 'Jacquelin Gilliland', 'Ste67aston', 'D3TC07'),
(68, 'Viviyan Bytheway', 'Lor68rot', 'wYRA7Hkc'),
(69, 'Lock Watson-Brown', 'Irm69thew', '4i3ZJAQv'),
(70, 'Brandy Lidbetter', 'Dori70ercrombie', 'K3mkd4e8CO'),
(71, 'Christiano Ubee', 'Dia71dasso', 't4bFC1'),
(72, 'Annmarie Topliss', 'An72cock', 'wvCIdrR8V'),
(73, 'Yank Mennell', 'Ha73zel', 'xVc07ESuaZfJ'),
(74, 'Ode Mackness', 'Ros74tine', 'IFVv9WPs'),
(75, 'Lonni Charrisson', 'Jerv75scot', 'XenNLFYMUMPF'),
(76, 'Cristobal Seldon', 'Merl76ann', '0sBzoFqjv'),
(77, 'Gabie Quarrell', 'La77ew', 'oUkyqTdrbC9'),
(78, 'Vick Vasilchenko', 'Est78er', 'sRWkMCu5'),
(79, 'Joyce Gatlin', 'Ter79lly', 'aW04kJo7C8'),
(80, 'Carolin Duffrie', 'Shai80n', 'IM7lzQxy'),
(81, 'Cele Heasley', 'An81ey', '3uCQ02No'),
(82, 'Gustavo Brecon', 'Wil82l', 'DmSuUf9FMd'),
(83, 'Lee Joll', 'Pat83r', 'zxDQTzhCNN'),
(84, 'Cecily McCurrie', 'Aerie84ndesford', '3CXLiRXSy'),
(85, 'Lucie Wallbrook', 'Horten85lin', 'jW6ytV'),
(86, 'Nancee Danihel', 'Diah86lin', '5Cqfv6ed'),
(87, 'Sheila Halewood', 'Nor87das', 'JyUBr3dp'),
(88, 'Lucine Biagini', 'Shar88es', 'K9xjLiDHTzYL'),
(89, 'Alfie Swancock', 'Sab89nt', 'IgzLKQp'),
(90, 'Dennis Oldmeadow', 'Burna90tty', 'frXvYC'),
(91, 'Trevor Doyle', 'Dor91mgeour', 'BYMmu5KQf9g'),
(92, 'Maryanna Brightey', 'Ama92ft', 'Kwwc3zj2cQmV'),
(93, 'Olia Sellick', 'Grayc93am', 'RPIPth'),
(94, 'Niels McIlhone', 'Alis94we', 'a8yGDdZGVyN'),
(95, 'Marlena Barnham', 'Wall95ure', 'P0T3zwaP6Yj2'),
(96, 'Gage Brighty', 'Fre96ll', 'FGe5BTE4t'),
(97, 'Paxton Raithby', 'Bran97rburn', '5YV1njttxz'),
(98, 'Helen Vedntyev', 'Fel98son', 'mbC1Knz17W8c'),
(99, 'Savina Janout', 'Pav99ings', 'Agp2JinTKp'),
(100, 'Bailie Fishpoole', 'Ruth100thack', 'y8E8MX5hCBJ0');


create table customer (
	customer_id INT NOT NULL PRIMARY KEY AUTO_INCREMENT,
	customer_name VARCHAR(50) NOT NULL,
	contact_number VARCHAR(50) NOT NULL,
	customer_username VARCHAR(50) NOT NULL UNIQUE,
	customer_password VARCHAR(50) NOT NULL,
	email_id VARCHAR(50) NOT NULL UNIQUE,
	customer_address VARCHAR(50) NOT NULL,
    admin_id INT NOT NULL,
    FOREIGN KEY (admin_id) REFERENCES admins (admin_id)
    ON DELETE CASCADE
);
insert into customer (customer_id, customer_name, contact_number, customer_username, customer_password, email_id, customer_address, admin_id) values 
 (1, 'Chrissie Gonnet', '944 398 9895', 'aa', '1234', 'jschoenfisch0@sakura.ne.jp', 'Room 1105', 100),
 (2, 'Sadye Schreiner', '576 556 3515', 'Dor2ee', 'qcHgCFIA', 'dlee1@tripod.com', 'Apt 1350', 2),
 (3, 'Keir Dewire', '610 275 2928', 'Dori3ory', 'xDByYkD', 'davory2@blogtalkradio.com', 'Room 436', 3),
 (4, 'Melissa Cliss', '913 210 5573', 'Nea4runeau', '9ZNQq0Y6e', 'nbruneau3@nih.gov', 'Apt 1188',14),
 (5, 'Joela Stopp', '142 151 7011', 'Dol5irk', 'BDUNT36X', 'dmcquirk4@google.com', 'Room 1530',15),
 (6, 'Merwyn De Gregorio', '486 187 3974', 'Dor6ngan', 'zooZzU', 'dmangan5@tmall.com', 'PO Box 17572',6),
 (7, 'Gwenny Branchet', '268 282 0267', 'Hort7ckrath', 'snuNJH3', 'hwickrath6@aboutads.info', 'PO Box 16390',7),
 (8, 'Bay Pattison', '280 586 0016', 'Gar8le', 'DXiKO5Rb16Tu', 'gmille7@pcworld.com', 'PO Box 88036',8),
 (9, 'Laurence Brugh', '382 276 4607', 'Capric9yatin', 'rYvzfZWl', 'cmatyatin8@gizmodo.com', 'Room 612',9),
 (10, 'Peggy Matysiak', '582 299 5675', 'Vi10ans', 'ZPAA4v', 'vtorrans9@linkedin.com', 'Suite 90',10),
 (11, 'Clemmie Hails', '202 268 6581', 'Oral11wling', 'oJnk015xc', 'odowlinga@prlog.org', 'Room 1869',11),
 (12, 'Enos Simanek', '722 335 4342', 'Jar12te', 'vLetyhE', 'jtilteb@dmoz.org', 'Suite 100',12),
 (13, 'Bartlett Lacy', '189 651 0495', 'Junett13ouch', 'tkxIw4E8UlX', 'jnouchc@mail.ru', '9th Floor',13),
 (14, 'Harrietta Gert', '158 430 3798', 'Norr14tins', 'kYhVrlW', 'nsustinsd@hp.com', 'PO Box 22808',14),
 (15, 'Valerie Lockart', '435 349 8743', 'Re15orrent', 'kjcdRAPdhps', 'rtorrente@cargocollective.com', 'Apt 474',15),
 (16, 'Wald Faich', '425 639 9313', 'Coree16ster', 'e0te14N', 'cmcalesterf@wikia.com', 'PO Box 18771',16),
 (17, 'Egon Liebmann', '329 526 8964', 'Spen17gan', 'iyt9i3OQ1', 'shoggang@accuweather.com', 'Apt 50',17),
 (18, 'Nelli Favill', '407 501 2720', 'Ji18ray', 'YVTZzJg5Tf', 'jingrayh@eventbrite.com', '7th Floor',18),
 (19, 'Jimmy Sweeten', '763 440 9091', 'Agui19esop', '81Gm5Avbw', 'amilesopi@sogou.com', 'Room 1810',19),
 (20, 'Malinda Julyan', '396 551 1624', 'Sha20one', 'yZiktIfoVP', 'sghionej@histats.com', 'PO Box 26106',20),
 (21, 'Riccardo Kilfeather', '384 687 9819', 'Quill21ie', 'gPCZo8jjEI7', 'qbuckiek@dyndns.org', 'PO Box 68687',21),
 (22, 'Rebbecca Sieve', '909 473 6652', 'Phill22ckell', 'aGYUVWfWo', 'pbuckelll@nytimes.com', '5th Floor',22),
 (23, 'Calla Hearley', '954 204 2468', 'Lili23bat', 'NH7wiF', 'lgabbatm@uiuc.edu', 'Suite 96',23),
 (24, 'Heidie Cardis', '930 536 5773', 'Bordi24ewicz', 'T9Yz98TK6W', 'bjurewiczn@washingtonpost.com', 'Room 1864',24),
 (25, 'Fletcher Stoodale', '199 705 7571', 'Oswe25ime', 'dWicGXPIX', 'ogrimeo@sbwire.com', 'Apt 57',25),
 (26, 'Alexine Marczyk', '374 478 2471', 'Silva26inyov', '8vAioZv8DRm', 'sgrinyovp@devhub.com', '19th Floor',26),
 (27, 'Adena Fresson', '645 606 3879', 'Dare27sel', '4YXDZvykIlH', 'dkoselq@clickbank.net', 'Suite 29',27),
 (28, 'Kingston Yes', '474 426 9120', 'Evel28el', 'KY2iNgU1jlXP', 'epittelr@topsy.com', 'PO Box 26786',28),
 (29, 'Stan Pashenkov', '974 160 7310', 'Che29vill', 'MNnIlL1PFDn', 'cworvills@unicef.org', '6th Floor',29),
 (30, 'Cami Zeal', '769 976 6479', 'Le30aggs', 'DUG5bIoBH2He', 'lknaggst@weebly.com', '19th Floor',30),
 (31, 'Rossie Blaksland', '548 853 3804', 'Patri31riment', '6zq24rTL6', 'pmerrimentu@wisc.edu', 'Apt 884',31),
 (32, 'Julieta Najera', '176 527 0219', 'Misch32oxburgh', '3kT0EULXMcEI', 'mroxburghv@parallels.com', 'Suite 96',32),
 (33, 'Emmalynn Jancso', '676 429 7894', 'Joan33ing', 'vLfhkT9UoK', 'jhakingw@salon.com', 'Room 881',33),
 (34, 'Murdoch Vispo', '450 274 8343', 'Michael34ders', 'TLSFS16t', 'mgoodersx@list-manage.com', 'PO Box 67761',34),
 (35, 'Jennica Tebbe', '481 386 8824', 'Bai35kney', '1YAztQHTIVd3', 'byockneyy@google.ca', 'Apt 1476',35),
 (36, 'Rodina Sprackling', '569 663 4906', 'Kam36yott', '4kgdiG', 'kmaryottz@shinystat.com', 'Suite 31',36),
 (37, 'Milton Mynott', '212 515 2413', 'Berkel37agge', 'gmXfR1Uq', 'bdragge10@umich.edu', 'Room 1049',37),
 (38, 'Cooper Grandison', '916 229 0738', 'Gay38dman', 'OhmNpMKzyR', 'ghedman11@mail.ru', '4th Floor',38),
 (39, 'Dory Craisford', '818 226 7576', 'Wilmet39nker', 'IFtIJlbMVd', 'wminker12@mozilla.com', 'Room 1723',39),
 (40, 'Cyndia Reubel', '958 863 0006', 'Ke40mshar', 'VssSrnLSqB', 'khamshar13@posterous.com', 'PO Box 41526',40),
 (41, 'Kora Easen', '793 753 0150', 'An41oh', '0aOd0nDgCXd8', 'apharaoh14@simplemachines.org', 'Suite 35',41),
 (42, 'Delmar Triplow', '955 472 8881', 'Aviv42lour', 'yq7NFj8aaAu', 'atailour15@baidu.com', 'Room 1727',42),
 (43, 'Melisa Murkitt', '671 117 8928', 'Frie43imons', 'DARbE30UY', 'ffitzsimons16@technorati.com', 'Room 1478',43),
 (44, 'Vinny Shrimpton', '262 828 3506', 'Mar44owfield', '4zyTt6', 'mwiddowfield17@apache.org', '6th Floor',44),
 (45, 'Rodrigo Local', '635 521 7275', 'Tobi45rand', '4bLflioXN', 'tfarrand18@alexa.com', 'Apt 1906',45),
 (46, 'Octavia Wollacott', '262 795 8113', 'Rode46endon', 'Vv1N2t', 'rlewendon19@paypal.com', 'Suite 84',46),
 (47, 'Tamqrah Dutnell', '637 976 1493', 'Scot47kest', '10TywyncHSl', 'sbrockest1a@intel.com', 'Apt 286',47),
 (48, 'Bobbi Filintsev', '706 473 2172', 'Mauri48he', 'c0JdNRkH', 'mmathe1b@qq.com', '20th Floor',48),
 (49, 'Mame Killen', '979 772 1139', 'Felic49win', 'eQ9fR3LhAOM', 'forwin1c@yellowbook.com', '6th Floor',49),
 (50, 'Grace Lysaght', '412 296 7969', 'Trac50uscia', 'Z62aLT4Vu', 'tcaramuscia1d@istockphoto.com', '4th Floor',50),
 (51, 'Abby Jobin', '528 491 0671', 'Dea51igh', 'I5f5tb', 'dhatherleigh1e@bing.com', 'Suite 82',51),
 (52, 'Gard Jennings', '982 728 9810', 'Daril52er', 'edtLTl5Bk', 'dgarber1f@tinyurl.com', 'PO Box 62755',52),
 (53, 'Benetta Joseland', '933 444 4908', 'Ang53lings', 'YqGIT0T6Mj', 'arollings1g@naver.com', 'PO Box 8933',53),
 (54, 'Quill McGuinness', '489 322 6819', 'Ricc45eson', 'qE6H9reQp', 'rtombleson1h@netvibes.com', 'Suite 80',54),
 (55, 'Cyndie Poles', '671 374 6190', 'Alwerfh', 'rclaWl7HRIe', 'awyeth1i@craigslist.org', 'Apt 45',55),
 (56, 'Ali Tugwell', '844 202 9049', 'Sees', 'DSMGsa', 'stales1j@w3.org', 'Apt 1853',56),
 (57, 'Hermione Kaveney', '952 847 2218', 'Caspwermbrant', 'SPsd4uUMaxo', 'crembrant1k@fema.gov', 'Room 245',57),
 (58, 'Mathian Medford', '858 590 7611', 'Clarwrele', 'vCYF8l11', 'ccuttle1l@hostgator.com', '19th Floor',58),
 (59, 'Logan Spackman', '816 995 2358', 'Cathriwerck', 'lhspd8', 'cgarrick1m@opensource.org', 'PO Box 1501',59),
 (60, 'Jobye Keddle', '248 971 4201', 'Abdweranchard', 'IJU6l9IDk', 'ablanchard1n@example.com', 'Suite 60',60),
 (61, 'Dre Monday', '349 771 0351', 'Menfgrie', '0gSO5ebh9Dh', 'msyrie1o@yellowbook.com', 'Suite 74',61),
 (62, 'Theressa Tingley', '840 615 7966', 'Pamgfdstie', 'xvuV5hGKJ6', 'pautie1p@acquirethisname.com', 'PO Box 43548',62),
 (63, 'Dirk Kinton', '367 460 6422', 'Marwreli', 'ItaYaGfo', 'mjaggli1q@networksolutions.com', 'PO Box 12671',63),
 (64, 'Alika Riediger', '675 109 2229', 'Bun3lin', 'Cj9rV3', 'bnolin1r@craigslist.org', 'Suite 32',64),
 (65, 'Gene Tyne', '290 898 4311', 'Bunni Nolin', 'wjAYB96ZMEa', 'sbenezet1s@mtv.com', 'PO Box 28944',65),
 (66, 'Maribel Cline', '589 771 0583', 'Rollins Busfield', 'RxN6F0NI4op', 'rbusfield1t@mozilla.com', 'Suite 46',66),
 (67, 'Olivier Pippin', '188 145 0030', 'Maris Jewkes', 'WkZSfWdmBsL', 'mjewkes1u@intel.com', '12th Floor',67),
 (68, 'Jerad McBlain', '201 274 2560', 'Carlie Voisey', 'Z4OTOQ', 'cvoisey1v@hexun.com', '15th Floor',68),
 (69, 'Austine Barfford', '558 980 9695', 'Tab Sueter', 'EFMpaj2o', 'tsueter1w@moonfruit.com', 'Suite 73',69),
 (70, 'Yank Boyland', '530 384 4819', 'Jermaine Challener', 'CY2a0i', 'jchallener1x@instagram.com', 'Apt 1303',70),
 (71, 'Carilyn Leishman', '954 426 3614', 'Reggy Mussared', 'h1eF4MHL0NjK', 'rmussared1y@ucoz.ru', 'PO Box 17025',71),
 (72, 'Toni Bruffell', '781 391 3004', 'Rhonda Lemerie', 'qtti6wnr', 'rlemerie1z@aol.com', 'Suite 44',72),
 (73, 'Walther Peace', '461 124 9124', 'Koo Gardner', '35nSTpsi', 'kgardner20@i2i.jp', '11th Floor',73),
 (74, 'Lennard Briston', '197 478 6256', 'Lovell Muehle', 'J3yLP8e', 'lmuehle21@theglobeandmail.com', 'Suite 64',74),
 (75, 'Astra Brightwell', '142 200 1948', 'Gerrard Plewman', 'U939dAHF7n', 'gplewman22@fc2.com', 'PO Box 67435',75),
 (76, 'Barnaby Whardley', '602 131 6745', 'Carolus McConnachie', 'HKfI38kEBP', 'cmcconnachie23@parallels.com', 'PO Box 46955',76),
 (77, 'Iolanthe Moquin', '594 638 5383', 'Rod Hempel', 'Sea9VfW', 'rhempel24@rakuten.co.jp', 'Suite 27',77),
 (78, 'Cherise Olliver', '825 229 6447', 'Karoly Revell', 'J16sYRMpsV8e', 'krevell25@wix.com', 'Suite 43',78),
 (79, 'Wenonah Beesley', '275 529 9811', 'Alessandro Larsen', 'WWH4Rdwzb', 'alarsen26@yahoo.co.jp', 'Apt 1926',79),
 (80, 'Cristie Girvin', '887 430 2405', 'Delinda Caville', 'j2nLtnrsyMf', 'dcaville27@naver.com', '15th Floor',80),
 (81, 'Viv Langsdon', '986 882 5516', 'Shell Stickford', 'E937Qqc8', 'sstickford28@friendfeed.com', 'Suite 47',81),
 (82, 'Fairlie Aldiss', '789 295 8581', 'Cyrill Lucien', 'tysTNFRU', 'clucien29@intel.com', 'Apt 474',82),
 (83, 'Margarethe Tafani', '136 290 9564', 'Norby Bruna', 'QuKx08HCK', 'nbruna2a@arizona.edu', 'Suite 73',83),
 (84, 'Fania Hadlee', '514 385 4743', 'Hilario Harkus', 'kPVDBASObFPZ', 'hharkus2b@umn.edu', '18th Floor',84),
 (85, 'Christean Signori', '600 739 4452', 'Sarah Swinfen', '4Xu77Ul', 'sswinfen2c@un.org', '10th Floor',85),
 (86, 'Yvonne Vinck', '246 415 3238', 'Alexio Pauleit', 'A4t5fOV', 'apauleit2d@europa.eu', '20th Floor',86),
 (87, 'Ewell Simakov', '859 862 7138', 'Darcy Firebrace', 'W0skYo', 'dfirebrace2e@sitemeter.com', '20th Floor',87),
 (88, 'Cosetta Pabst', '614 199 1113', 'Gerti Thurborn', 'Iws9qu6', 'gthurborn2f@ebay.com', '11th Floor',88),
 (89, 'Nikolia Bradmore', '381 716 7122', 'Aurthur Dunk', 'FUyYRQy8m89', 'adunk2g@canalblog.com', 'Apt 1787',89),
 (90, 'Cory Wombwell', '867 935 6619', 'Nye Lewsie', 'Hiay8lkfEb', 'nlewsie2h@ucsd.edu', 'PO Box 23523',90),
 (91, 'Malia Whitwood', '939 509 9897', 'Klara Duthie', '9yxWNsYk', 'kduthie2i@dmoz.org', 'PO Box 5227',91),
 (92, 'Aila Durdle', '445 770 9799', 'Christean Pele', 's6aKneEzktf', 'cpele2j@163.com', 'Room 1024',92),
 (93, 'Averil Crebo', '878 295 6945', 'Geralda Dudman', 'A1iT94UsQsT', 'gdudman2k@vimeo.com', 'Room 926',93),
 (94, 'Agnola Heeron', '701 625 2225', 'Ree Jobbins', 'uydywQgTARj', 'rjobbins2l@miibeian.gov.cn', '8th Floor',94),
 (95, 'Ranna Goding', '304 777 6101', 'Sara Neads', '3cpj7fwKZ', 'sneads2m@networkadvertising.org', 'Room 1456',95),
 (96, 'Leonard Torns', '346 723 5576', 'Etta Harsnipe', 'wJC0CydWg', 'eharsnipe2n@wikimedia.org', 'Suite 95',96),
 (97, 'Matthus Fane', '448 230 4476', 'Helsa Gladwin', '4yaFCqPQIdXH', 'hgladwin2o@paginegialle.it', 'Room 1107',97),
 (98, 'Mignonne Denisovo', '562 332 5769', 'Emerson Inchboard', 'dHFGzpCyAI', 'einchboard2p@netvibes.com', 'Suite 38',98),
 (99, 'Arlen Turbitt', '936 370 7927', 'Bryna Itzkovwich', 'YswDYF', 'bitzkovwich2q@moonfruit.com', 'Suite 74',99),
 (100, 'Matteo Radbond', '774 794 9948', 'Richmond Fearne', 'EEW1jlzQwps', 'rfearne2r@nydailynews.com', 'Suite 60',100);

create table category (
	category_id INT NOT NULL PRIMARY KEY AUTO_INCREMENT,
	category_name VARCHAR(50) NOT NULL UNIQUE,
	category_info VARCHAR(50) NOT NULL,
    admin_id INT NOT NULL,
    FOREIGN KEY (admin_id) REFERENCES admins (admin_id)
    ON DELETE CASCADE
);
insert into category (category_id, category_name, category_info, admin_id) values 
 (1, 'Men', 2011,1),
 (2, 'Jocker', 1991,2),
 (3, 'Toys', 2004,3),
 (4, 'Fishes', 2005,4),
 (5, 'Chidren', 1993,5),
 (6, 'Pendrives', 2002,6),
 (7, 'Chariot', 1995,7),
 (8, 'F-Series', 2010,8),
 (9, 'Cricket', 2012,9),
 (10, 'Badminton', 2005,10),
 (11, 'Board games', 2011,11),
 (12, 'Electric Vehicles', 2008,12),
 (13, 'Vintage', 2007,13),
 (14, 'Under garments', 2005,14),
 (15, 'Games', 1987,15),
 (16, 'Lipsticks', 2000,16),
 (17, 'Music Instruments', 2004,17),
 (18, 'Children books', 1994,18),
 (19, 'Vision', 1995,19),
 (20, 'VFX', 2008,20),
 (21, 'Ebooks', 2004,21),
 (22, 'Magazines', 2007,22),
 (23, 'Vedas', 1992,23),
 (24, 'Comic and graphic novels', 2011,24),
 (25, 'Manga', 1986,25),
 (26, 'Biographic and memoirs', 1996,26),
 (27, 'Cooper belts', 2006,27),
 (28, 'B-Series Plus', 1997,28),
 (29, 'Rally Wagon 1500', 1993,29),
 (30, 'Shirts', 2008,30),
 (31, 'Sweat-shirts', 2010,31),
 (32, 'DVD TV shows', 1993,32),
 (33, 'Blu-ray TV Shows', 2011,33),
 (34, 'XC90', 2009,34),
 (35, 'Sprinter', 2011,35),
 (36, 'Roadmaster', 1993,36),
 (37, 'Daewoo Lacetti', 2008,37),
 (38, 'Protege', 1998,38),
 (39, 'G', 2005,39),
 (40, 'A8', 2003,40),
 (41, 'Charger', 2011,41),
 (42, 'E250', 2010,42),
 (43, 'Accent', 2001,43),
 (44, 'Optima', 2010,44),
 (45, 'Swift', 2005,45),
 (46, 'Karif', 1990,46),
 (47, 'S5', 2009,47),
 (48, 'Club Wagon', 1995,48),
 (49, 'Somerset', 1985,49),
 (50, 'Sentra', 2005,50),
 (51, 'Crown Victoria', 2000,51),
 (52, 'G6', 2010,52),
 (53, 'Craft Supplies', 2012,53),
 (54, 'Eclipse', 2012,54),
 (55, 'Toilets', 1998,55),
 (56, 'Garden Center', 2010,56),
 (57, 'Intrepid', 2003,57),
 (58, 'New Yorker', 1994,58),
 (59, 'S60', 2013,59),
 (60, 'LX', 2003,60),
 (61, 'Die Cutting', 1997,61),
 (62, 'Vandura 3500', 1994,62),
 (63, 'Land Cruiser', 1994,63),
 (64, 'Sonata', 1997,64),
 (65, 'Cutlass', 1998,65),
 (66, 'CR-V', 2009,66),
 (67, 'Yukon', 2000,67),
 (68, 'MPV', 2004,68),
 (69, 'CC', 2012,69),
 (70, 'Corvette', 1998,70),
 (71, 'MFX', 2007,71),
 (72, 'TL', 2000,72),
 (73, 'Explorer', 2002,73),
 (74, 'Maxima', 2006,74),
 (75, 'Ridgeline', 2012,75),
 (76, 'Neon', 1995,76),
 (77, 'Miata MX-5', 2003,77),
 (78, 'Trans Sport', 1997,78),
 (79, 'Blackwood', 2002,79),
 (80, 'Grills & Outdoor Cooking', 2013,80),
 (81, 'Galant', 1993,81),
 (82, 'Sable', 2000,82),
 (83, 'Armada', 2011,83),
 (84, 'Outdoor Heating', 2004,84),
 (85, 'Focus', 2011,85),
 (86, 'Lucerne', 2010,86),
 (87, 'FX', 2009,87),
 (88, 'TundraMax', 2010,88),
 (89, '4Runner', 2011,89),
 (90, 'Type 2', 1988,90),
 (91, 'Ram Van 1500', 2003,91),
 (92, 'Windstar', 1998,92),
 (93, '370Z', 2011,93),
 (94, 'TSX', 2005,94),
 (95, 'S4', 2002,95),
 (96, 'Mountaineer', 2002,96),
 (97, 'Bravada', 2003,97),
 (98, 'Navigator', 2008,98),
 (99, 'Sierra 2500', 2000,99),
 (100, 'Tahoe', 199,100);

create table delivery_boy (
	delivery_boy_id INT NOT NULL PRIMARY KEY AUTO_INCREMENT,
	delivery_boy_name VARCHAR(50) NOT NULL,
	delivery_boy_username VARCHAR(50) NOT NULL UNIQUE,
	delivery_boy_password VARCHAR(50) NOT NULL,
	delivery_boy_average_rating DECIMAL(3,2),
	contact_number VARCHAR(50) NOT NULL UNIQUE,
	email_id VARCHAR(50) NOT NULL UNIQUE,
    admin_id INT NOT NULL,
    FOREIGN KEY (admin_id) REFERENCES admins (admin_id)
    ON DELETE CASCADE
);
insert into delivery_boy (delivery_boy_id, delivery_boy_name, delivery_boy_username, delivery_boy_password, delivery_boy_average_rating, contact_number, email_id, admin_id) values 
(1, 'Anita Tafani', 'Katusha Litton', 'Sm4Z7nx', 4.97, '561 948 8960', 'klitton0@businessinsider.com',1),
(2, 'Noelle Stiegers', 'Blancha Bowerbank', '1NEBGx', 4.03, '334 722 5541', 'bbowerbank1@opensource.org',2),
(3, 'Gratiana Morling', 'Juanita Hoffmann', 'moXE0lVW7UFM', 4.74, '769 639 7733', 'jhoffmann2@apache.org',3),
 (4, 'Ronnie Gladwish', 'Cos Jelfs', 'w8S41pSNGs', 4.99, '170 108 4276', 'cjelfs3@si.edu',14),
 (5, 'Valenka Babar', 'Issi Harrell', 'jKw50f', 1.93, '976 183 1202', 'iharrell4@fc2.com',5),
 (6, 'Jo-ann Dannehl', 'Ranna Harrowell', 'GnpqSPtV1', 1.56, '231 396 2312', 'rharrowell5@joomla.org',6),
 (7, 'Izak Shearme', 'Lindy Gaddas', 'wFfchgiW9Y', 4.92, '283 294 7631', 'lgaddas6@pcworld.com',7),
 (8, 'Waylen Danby', 'Isobel Lapere', '77MvQRZ', 4.5, '243 398 4317', 'ilapere7@smh.com.au',8),
 (9, 'Trevor Cosgreave', 'Egon Boreham', 'pQdCV0e', 1.93, '847 805 8333', 'eboreham8@blogs.com',9),
 (10, 'Ketty Basire', 'Rab Berwick', 'JV00C6nsG', 4.47, '103 341 4534', 'rberwick9@aol.com',10),
 (11, 'Appolonia Jann', 'Ann-marie Kirkby', 'YY93DXjTG', 2.84, '868 393 2464', 'akirkbya@discuz.net',11),
 (12, 'Henrietta Burnip', 'Bond Houndson', 'TQa2prpIMiOb', 4.43, '712 873 5454', 'bhoundsonb@123-reg.co.uk',21),
 (13, 'Broddie Mollitt', 'Charmaine Kubyszek', 'gSgpLm8i1', 2.72, '431 161 0565', 'ckubyszekc@dell.com',13),
 (14, 'Binnie Smidmoor', 'Gerhardt Rome', 'hUPeblqhF', 2.76, '913 999 0862', 'gromed@whitehouse.gov',14),
 (15, 'Valentijn Poore', 'Gery Drepp', 'ycgsRoo', 4.59, '101 781 6434', 'gdreppe@foxnews.com',15),
 (16, 'Stanleigh Dudin', 'Letisha Leachman', 'Gvm5Fz', 1.85, '183 710 1587', 'lleachmanf@ibm.com',16),
 (17, 'Willetta Rathborne', 'Lenette Escot', 'Cxi4Mzy', 3.09, '917 654 7214', 'lescotg@diigo.com',17),
 (18, 'Emelia Downes', 'Elmer Stollhofer', 'FyiOu6XnI42u', 4.47, '271 533 6673', 'estollhoferh@wordpress.org',18),
 (19, 'Jewelle Vause', 'Cyndie Hunnable', '8Wl8UH9', 4.05, '953 909 7144', 'chunnablei@va.gov',19),
 (20, 'Garret Birkby', 'Durward Scurrah', '9CKZ00EMy', 2.04, '453 172 1820', 'dscurrahj@google.co.uk',20),
 (21, 'Ewen Snowdon', 'Buddie Tourry', 'zDkWP1JNsJm5', 1.89, '719 604 8579', 'btourryk@e-recht24.de',21),
 (22, 'Eldredge Olivetta', 'Daryl Hayhurst', 'yLzPF5', 1.1, '684 134 3149', 'dhayhurstl@surveymonkey.com',22),
 (23, 'Xymenes Bradder', 'Christy Temporal', 'eNjvYA', 2.86, '998 413 8273', 'ctemporalm@mapquest.com',23),
 (24, 'Lynde Oswald', 'Gerta Lillford', 'WoRQt9JUM', 1.78, '309 387 4651', 'glillfordn@mapquest.com',24),
 (25, 'Powell Grimm', 'Rosalie Tewnion', '5QVty1bKnnkL', 2.95, '342 846 4602', 'rtewniono@webs.com',25),
 (26, 'Tove Batey', 'Calla Spennock', 'FvgGiz1Ai', 4.99, '235 923 2828', 'cspennockp@hhs.gov',26),
 (27, 'Shannon Coggell', 'Bev Chitter', 'RbZBMAJfA', 3.57, '461 683 2726', 'bchitterq@t.co',27),
 (28, 'Mitch Marginson', 'Nikolos Petegre', 'JNNTRv2qR', 4.06, '948 786 3622', 'npetegrer@opera.com',28),
 (29, 'Rochester Prattington', 'Mureil Rhoades', 'XHn5MhZc3Wc2', 4.19, '130 743 8914', 'mrhoadess@yelp.com',29),
 (30, 'Sibella Bradnock', 'Bambi Wear', 'vDebE9', 3.08, '972 398 9177', 'bweart@jalbum.net',30),
 (31, 'Aeriel Rowler', 'Amandi Litzmann', '1XCA6z', 2.4, '933 760 9877', 'alitzmannu@skype.com',31),
 (32, 'Misha Sparkwell', 'Sammy Vasichev', 'J2Jqd3u6RA', 3.57, '640 517 4689', 'svasichevv@scribd.com',52),
 (33, 'Kelsey Altamirano', 'Markos Tubb', 'ya64inUPKd', 2.22, '113 709 3914', 'mtubbw@cnbc.com',33),
 (34, 'Adelle Tavernor', 'Olvan Holde', 'yKDq0g2ow', 1.08, '271 900 6421', 'oholdex@salon.com',34),
 (35, 'Gertrudis Jermy', 'Yetta Beaglehole', 'inrA32kGDa', 1.3, '785 542 5513', 'ybeagleholey@sitemeter.com',35),
 (36, 'Teodora Overy', 'Delano Maidlow', '2TLeiWpz', 3.94, '361 341 3766', 'dmaidlowz@zimbio.com',36),
 (37, 'Wilek Juliff', 'Christos Whitcombe', '2uAZsF3Ga', 3.62, '578 196 4052', 'cwhitcombe10@bandcamp.com',37),
 (38, 'Carri Kluss', 'Lorry Dymick', 'CHaKPa2H', 1.56, '590 518 8411', 'ldymick11@amazon.com',38),
 (39, 'Augusto Hutable', 'Noemi O''Caherny', 'XscRvv', 4.3, '553 493 2913', 'nocaherny12@eepurl.com',39),
 (40, 'Floyd Heaysman', 'Cornell Sute', 'gJVtZthIDZ', 4.0, '439 770 9694', 'csute13@bluehost.com',40),
 (41, 'Andee Heeks', 'Luce Placide', 'goEsCPy2cX', 4.03, '419 330 9092', 'lplacide14@smugmug.com',41),
 (42, 'Willi Jenteau', 'Max Congram', 'FZHsubZ6Nz', 2.59, '151 838 0014', 'mcongram15@loc.gov',42),
 (43, 'Kimberly Dutson', 'Hephzibah Summerlie', 'jaKZka', 2.31, '348 620 2568', 'hsummerlie16@macromedia.com',43),
 (44, 'Guglielma Ransley', 'Amii Cordaroy', 'bJTDan', 2.09, '148 399 7026', 'acordaroy17@1und1.de',44),
 (45, 'Sampson Guerreiro', 'Rozanne Dugald', 'k2WOxbp', 3.5, '896 814 6728', 'rdugald18@state.gov',45),
 (46, 'Netty Taffs', 'Kimberly Mc Dermid', 'kx0y2sn4yR', 1.47, '375 873 3436', 'kmc19@so-net.ne.jp',46),
 (47, 'Irina Sheldrick', 'Tabb Regnard', 'H5fna8Gs', 1.76, '656 404 9208', 'tregnard1a@cnbc.com',47),
 (48, 'Ode Laight', 'Farica Fawlks', 'DdJyW0', 2.64, '103 653 2088', 'ffawlks1b@theguardian.com',48),
 (49, 'Abby Sorton', 'Stan Stanton', 'LdVkDevW', 4.18, '449 922 2785', 'sstanton1c@soundcloud.com',49),
 (50, 'Miltie Pidgin', 'Collen Briskey', '8QsSGXf9M4', 4.4, '482 453 7709', 'cbriskey1d@angelfire.com',50),
 (51, 'Owen Kayley', 'Fanni Casine', 'I769ZBuwZ1Ts', 2.15, '784 501 7382', 'fcasine1e@163.com',51),
 (52, 'Belita Christophle', 'Gussi Zoanetti', 'h6iyhKB1wA', 1.45, '763 879 7846', 'gzoanetti1f@people.com.cn',52),
 (53, 'Renault Click', 'Yovonnda Mathews', 'RWDSO5MSrcw', 4.28, '785 643 1011', 'ymathews1g@wired.com',53),
 (54, 'Christiana Conerding', 'Felike Bour', 'RNoX3hQds2S3', 3.59, '988 593 4203', 'fbour1h@springer.com',54),
 (55, 'Mollie Ketteman', 'Arlette O''Duggan', 'xvdgHX06H3', 2.93, '617 736 7676', 'aoduggan1i@about.me',55),
 (56, 'Kendre Bouldon', 'Ayn MacSween', 'PghhDEpc', 3.42, '885 716 6094', 'amacsween1j@mapy.cz',56),
 (57, 'Bowie Petrol', 'Almire Seakin', 'YlV1dvGjy', 1.45, '361 333 8248', 'aseakin1k@csmonitor.com',57),
 (58, 'Rea Costigan', 'Sloan Kenchington', 'SDCGqDtAI2', 4.32, '245 170 5292', 'skenchington1l@imgur.com',58),
 (59, 'Jorie O'' Borne', 'Karlis Stempe', 'hBfYTPpGjor', 4.78, '534 801 3429', 'kstempe1m@unicef.org',59),
 (60, 'Lucienne Winckles', 'Olwen Adger', 'mOAmiaMD', 3.39, '124 666 5541', 'oadger1n@1und1.de',60),
 (61, 'Babb Corwood', 'Christina Tours', 'wJMlxS', 2.9, '123 450 1275', 'ctours1o@nature.com',61),
 (62, 'Hubert Soeiro', 'Cassaundra Challes', 'ZuuZLMZJD', 2.99, '848 384 7460', 'cchalles1p@is.gd',62),
 (63, 'Judon Willis', 'Francyne Clarage', 'lpnt31Gk', 3.79, '332 886 1811', 'fclarage1q@theatlantic.com',63),
 (64, 'Genevra Mellem', 'Antoine Le Monnier', 'Qat7teJm', 5.0, '348 125 5678', 'ale1r@blinklist.com',64),
 (65, 'Sile Brinkler', 'Eyde Esplin', 'J6RNLuCR', 3.63, '583 379 6598', 'eesplin1s@unesco.org',65),
 (66, 'Aurora Duiged', 'Giraldo Beavis', '5oWzadzeLN', 1.32, '603 111 4681', 'gbeavis1t@cafepress.com',66),
 (67, 'Eleonore Serris', 'Ave Brewitt', 'IND3rp', 3.6, '308 815 4632', 'abrewitt1u@jalbum.net',67),
 (68, 'Yorgos Story', 'Xavier Cardall', 'NWew9EAe29', 4.05, '352 872 7668', 'xcardall1v@e-recht24.de',68),
 (69, 'Emmi Westhead', 'Mil Weatherup', 'EGnNXnHZhR', 4.26, '305 274 2380', 'mweatherup1w@businesswire.com',69),
 (70, 'Tommie Townsend', 'Iorgos Piggin', 'VBqwa9HT', 4.83, '766 649 9572', 'ipiggin1x@infoseek.co.jp',70),
 (71, 'Nan Chanders', 'Richardo Tabard', 'FBakiGCRR', 2.73, '689 838 9302', 'rtabard1y@networksolutions.com',71),
 (72, 'Morganica Hughlock', 'Hogan Washington', 'tU8DXio9fsEZ', 3.85, '831 262 6408', 'hwashington1z@1und1.de',72),
 (73, 'Justina Woodcock', 'Yoshiko Yvens', 'qUsoz0Ix', 3.81, '300 642 9592', 'yyvens20@webs.com',73),
 (74, 'Phylis Boddis', 'Vivianna Parfrey', 'wk6Ap47Hmp', 2.85, '952 431 8253', 'vparfrey21@shop-pro.jp',74),
 (75, 'Vita Mileham', 'Rodie Kensley', 'jyU8AZF', 1.49, '976 870 3900', 'rkensley22@nba.com',75),
 (76, 'Merle Folliott', 'Alisun Skoggings', 'euUCz9Pfs0S', 3.0, '500 846 3094', 'askoggings23@guardian.co.uk',76),
 (77, 'Randal Bumford', 'Palmer Salters', 'ksBgfID', 2.58, '302 917 5344', 'psalters24@photobucket.com',77),
 (78, 'Jermaine Wragg', 'Otho Beau', 'HTgJou', 4.81, '201 171 0117', 'obeau25@marriott.com',78),
 (79, 'Ailene Cornewell', 'Petronella Trodden', 'UUR2dpj', 1.42, '278 503 5956', 'ptrodden26@eepurl.com',79),
 (80, 'Sukey Snoad', 'Moe Seignior', 'qrDkQT5e', 1.06, '479 831 8310', 'mseignior27@uiuc.edu',80),
 (81, 'Serene Padillo', 'Shamus Robertazzi', 'kl0GKTy7', 1.89, '281 393 2000', 'srobertazzi28@macromedia.com',81),
 (82, 'Correy Jiles', 'Kahlil Gane', 'OcpS1XtNqH', 1.84, '732 864 1077', 'kgane29@google.fr',82),
 (83, 'Mikol Libbis', 'Cathlene Hulme', '1QNKTroS', 1.77, '189 388 2760', 'chulme2a@irs.gov',83),
 (84, 'Alwyn Piola', 'Conchita Spender', 'qPBfg2ekp', 4.85, '373 578 4896', 'cspender2b@go.com',84),
 (85, 'Carrissa Cawthery', 'Tanny Bentley', 'ovQz0XgxyIgg', 2.12, '585 626 3993', 'tbentley2c@jimdo.com',85),
 (86, 'Hirsch Dwyr', 'Dagny Cometson', 'dM9R9S', 2.82, '763 968 3718', 'dcometson2d@technorati.com',86),
 (87, 'Kim Cuncliffe', 'Magdalene Sumbler', 'wSHFAnqg', 4.26, '681 385 7769', 'msumbler2e@topsy.com',87),
 (88, 'Bevvy McCambridge', 'Marcile Shipley', 'e5xmRxPy', 4.46, '767 569 6090', 'mshipley2f@tripadvisor.com',88),
 (89, 'Jammie Holyland', 'Hilario Selland', 'tDnhr3jw', 4.09, '631 270 0013', 'hselland2g@biglobe.ne.jp',89),
 (90, 'Edmund Forsythe', 'Sheela Dunnet', 'gncDWjbMAHj4', 1.62, '433 775 8590', 'sdunnet2h@quantcast.com',90),
 (91, 'Hilliary Quakley', 'Bernadina Bauchop', 'mazvyT', 3.28, '205 241 1722', 'bbauchop2i@boston.com',91),
 (92, 'Briny McNeilly', 'Dennis Dunstan', 'OWoRbafTK', 4.66, '617 209 5169', 'ddunstan2j@netscape.com',92),
 (93, 'Erda Ferreli', 'Sergeant Gove', 'WqBQ7Is65g', 4.81, '645 249 6915', 'sgove2k@1und1.de',93),
 (94, 'Ashby McAllester', 'Wylie Inglesent', 'k1pF6Khlct', 2.52, '519 266 3319', 'winglesent2l@vistaprint.com',94),
 (95, 'Kai Weller', 'Lesli Feldfisher', 'rbHJFb7O', 4.58, '257 386 2216', 'lfeldfisher2m@ucsd.edu',95),
 (96, 'Min Deaville', 'Bartholomeo Coushe', '7TQe5CJ', 2.44, '930 184 8248', 'bcoushe2n@mapy.cz',96),
 (97, 'Tammara Nibley', 'Francesco Blount', 'Jp5OhfrM5b', 4.83, '275 586 8607', 'fblount2o@dailymail.co.uk',97),
 (98, 'Donnamarie Thor', 'Raynell Martinello', 'KwQsDm3Kxw', 4.41, '329 864 3444', 'rmartinello2p@dedecms.com',98),
 (99, 'Freda Ladloe', 'Hugo Stollsteiner', 'WWBWM906', 1.79, '576 989 8337', 'hstollsteiner2q@stanford.edu',99),
 (100, 'Gilemette Fordy', 'Falito Skivington', 'yMGCSvLRPI', 4.04, '706 931 3710', 'fskivington2r@hhs.gov',100);

create table product (
	product_id INT NOT NULL PRIMARY KEY AUTO_INCREMENT,
	product_name VARCHAR(50) NOT NULL UNIQUE,
	product_cost DECIMAL(10, 2) NOT NULL,
	Brand_name VARCHAR(50) NOT NULL,
	Quantity INT,
    admin_id INT NOT NULL,
    FOREIGN KEY (admin_id) REFERENCES admins (admin_id)
    ON DELETE CASCADE
);
insert into product (product_id, product_name, product_cost, Brand_name, Quantity, admin_id) values 
 (1, 'Pork', 789.00, 'Famotidine', 1156, 1),
 (2, 'Table Cloth - 53x69 Colour', '197.00', 'Tasigna', 1371, 12),
 (3, 'Syrup - Chocolate', '738.00', 'ANTI-BACTERIAL HAND ', 1644, 3),
 (4, 'Napkin Colour Black', '463.00', 'Alpet E2 Sanitizing Foam Soap', 1635, 4),
 (5, 'Champagne - Brights, Dry', '230.00', 'R-044 Blemish Fix', 1233, 5),
 (6, 'Pineapple - Golden', '334.00', 'Loneliness and Sadness', 1953, 6),
 (7, 'Bagel - Ched Chs Presliced', '848.00', 'Hyoscyamine Sulfate', 1533, 7),
 (8, 'Wine - Clavet Saint Emilion', '398.00', 'PENTOXIFYLLINE', 1374, 8),
 (9, 'Veal - Insides, Grains', '837.00', 'Business Elite Amenity', 1150, 19),
 (10, 'Onions - Pearl', '511.00', 'OCELLA', 2135, 100),
 (11, 'Port - 74 Brights', '990.00', 'Gas Relief', 2108, 19),
 (12, 'Couscous', '47.00', 'Ferrlecit', 6156, 12),
 (13, 'Cup - Paper 10oz 92959', '157.00', 'LBEL HYDRATESS', 1818, 19),
 (14, 'Pepper - Red, Finger Hot', '393.00', 'Inderal', 4051, 14),
 (15, 'Bagelers', '418.00', 'risperidone', 1255, 15),
 (16, 'Pork - Inside', '848.00', 'Hand Sanitizer', 1218, 16),
 (17, 'Chicken Breast Halal Prem', '639.00', 'VP-GGR-B6', 1221, 17),
 (18, 'Curry Paste - Green Masala', '4.00', 'PRAMIPEXOLE DIHYDROCHLORIDE', 1523, 18),
 (19, 'Oregano - Fresh', '23.00', 'OXYCODONE AND ACETAMINOPHEN', 1869, 19),
 (20, 'Wine - Taylors Reserve', '800.00', 'DOUBLE WEAR ALL DAY', 1607, 20),
 (21, 'Shrimp - Prawn', '355.00', 'Gas Relief', 1727, 21),
 (22, 'Cup - 4oz Translucent', '675.00', 'Food - Plant Source, Yeast', 1303, 22),
 (23, 'Rolled Oats', '745.00', 'moxifloxacin hydrochloride', 1491, 23),
 (24, 'Cheese - Havarti, Salsa', '389.00', 'Lidocaine Hydrochloride', 1270, 24),
 (25, 'Beef - Inside Round', '400.00', 'Hand Essentials Skin Repair', 1188, 25),
 (26, 'Spice - Montreal Steak Spice', '774.00', 'LBEL EFFET PARFAIT Spots Reducing', 1222, 26),
 (27, 'Bread - Raisin Walnut Pull', '118.00', 'Loratadine', 1150, 27),
 (28, 'Hand Towel', '189.00', 'Flexall Pain Relieving', 1139, 28),
 (29, 'Cookie Dough - Chunky', '172.00', 'Charm-Tex', 4251, 29),
 (30, 'Beef - Tenderloin Tails', '927.00', 'Bupropion Hydrochloride', 5837, 30),
 (31, 'Compound - Pear', '338.00', 'Rugby Aspirin', 9281, 31),
 (32, 'Wine - Red, Mouton Cadet', '931.00', 'Activator Light', 3418, 32),
 (33, 'Lettuce Romaine Chopped Sliced', '955.00', 'Glo Science', 2166, 33),
 (34, 'Cookie - Oreo 100x2', '520.00', 'Hyoscyamine Sulfate', 9112, 34),
 (35, 'Soup Campbells - Tomato Bisque', '832.00', 'Amoxicillin', 6192, 35),
 (36, 'Yams', '596.00', 'Diamox Sequels', 1106, 36),
 (37, 'Beer - Guiness', '380.00', 'equaline nighttime cold and flu relief', 1892, 37),
 (38, 'Soup - Campbells - Chicken Noodle', '146.00', 'equate nitetime', 1812, 38),
 (39, 'Lobster - Tail, 3 - 4 Oz', '125.00', 'Baby Wipes with Allantoin', 1775, 39),
 (40, 'Langers - Cranberry Cocktail', '434.00', 'SHISEIDO THE MAKEUP', 1339, 40),
 (41, 'Coffee - Ristretto Coffee Capsule', '995.00', 'Mucus-Clear', 1420, 41),
 (42, 'Wine - Crozes Hermitage E.', '227.00', 'Topcare Lubricating Plus', 1786, 42),
 (43, 'Pate Pans Yellow', '838.00', 'Diltiazem Hydrochloride', 1638, 43),
 (44, 'Tomatoes - Roma', '176.00', 'Amlodipine Besylate', 1683, 44),
 (45, 'Clam Nectar', '84.00', 'Amantadine Hydrochloride', 1946, 45),
 (46, 'Pasta - Detalini, White, Fresh', '435.00', 'Amlodipine Besylate', 1167, 46),
 (47, 'Longos - Chicken Curried', '793.00', 'Sleep Aid', 1119, 47),
 (48, 'Lamb Shoulder Boneless Nz', '355.00', 'Childrens Acetaminophen', 11762, 48),
 (49, 'Pork - Belly Fresh', '263.00', 'Pollens - Weeds and Garden Plants', 1542, 49),
 (50, 'Juice - Mango', '746.00', 'Lumene Bright Now Vitamin C Day SPF 15', 1383, 50),
 (51, 'Caviar - Salmon', '670.00', 'Dual Senses Scalp Regulation AntiDandruff Shampoo', 1361, 51),
 (52, 'Wasabi Paste Mayo', '137.00', 'Hydrocodone Bitartrate and Acetaminophen', 1618, 52),
 (53, 'Propel Sport Drink', '690.00', 'SINGULAIR',1835, 53),
 (54, 'Instant Coffee', '768.00', 'GOOD NEIGHBOR PHARMACY CAPSAICIN', 1986, 54),
 (55, 'Trout - Rainbow, Frozen', '355.00', 'Lumene Bright Now Vitamin C BB', 1119, 55),
 (56, 'Apricots Fresh', '826.00', 'ibuprofen', 1910, 56),
 (57, 'Cheese - Brie Roitelet', '500.00', 'Night time', 5120, 57),
 (58, 'Apple - Granny Smith', '576.00', 'careone mucus relief', 1786, 58),
 (59, 'Shrimp - 100 / 200 Cold Water', '580.00', 'VANOXIDE', 1273, 59),
 (60, 'Seedlings - Clamshell', '435.00', 'Lidocaine Hydrochloride and Epinephrine', 1244, 60),
 (61, 'Puree - Blackcurrant', '677.00', 'TobraDex', 1217, 61),
 (62, 'Fish - Artic Char, Cold Smoked', '256.00', 'DOUBLE WEAR', 1222, 62),
 (63, 'Napkin - Beverge, White 2 - Ply', '197.00', 'STOOL SOFTENER DOCUSATE SODIUM 50 MG', 534, 63),
 (64, 'Water - Spring Water, 355 Ml', '985.00', 'EXTRA STRENGTH STOOL SOFTENER', 410, 64),
 (65, 'Cornflakes', '164.00', '24-Hour All Day Allergy', 1876, 65),
 (66, 'Tomato Paste', '730.00', 'Metoprolol Tartrate', 1693, 66),
 (67, 'Crackers - Trio', '990.00', 'VANICREAM', 1136, 67),
 (68, 'Huck Towels White', '151.00', 'Famotidine', 1811, 68),
 (69, 'Mushroom - Morel Frozen', '557.00', 'METFORMIN HYDROCHLORIDE', 1706, 69),
 (70, 'Island Oasis - Sweet And Sour Mix', '641.00', 'Lithium Carbonate', 112, 70),
 (71, 'Peas - Pigeon, Dry', '57.00', 'Duloxetine', 124, 71),
 (72, 'Raisin - Dark', '581.00', 'Aurum Stibium Hyoscyamus', 551, 72),
 (73, 'Juice - Prune Dark', '109.00', 'AVAPTA', 212, 73),
 (74, 'Pepper - Yellow Bell', '408.00', 'Zeel', 351, 74),
 (75, 'Muffin Batt - Blueberry Passion', '444.00', 'ENALAPRIL MALEATE', 345, 75),
 (76, 'Muffin Mix - Morning Glory', '607.00', 'Olanzapine and Fluoxetine', 978, 76),
 (77, 'Banana Turning', '784.00', 'Lorazepam', 659, 77),
 (78, 'Syrup - Monin, Swiss Choclate', '632.00', 'Captopril', 934, 78),
 (79, 'Rum - Dark, Bacardi, Black', '301.00', 'Loperamide Hydrochloride', 382, 79),
 (80, 'Pepper - Green, Chili', '176.00', 'Anastrozole', 619, 80),
 (81, 'Mix Pina Colada', '215.00', 'Sleep Aid', 17, 81),
 (82, 'Pasta - Fettuccine, Dry', '377.00', 'Chlordiazepoxide Hydrochloride', 307, 82),
 (83, 'Puree - Pear', '300.00', 'Hydrocortisone', 587, 83),
 (84, 'Chicken Breast Halal', '678.00', 'Medique Alcalak', 805, 84),
 (85, 'Wine - Mondavi Coastal Private', '113.00', 'Amlodipine and Valsartan', 558, 85),
 (86, 'Trout Rainbow Whole', '601.00', 'Lisinopril and Hydrochlorothiazide', 837, 86),
 (87, 'Nantucket Apple Juice', '229.00', 'dg health cold and flu relief', 722, 87),
 (88, 'Paste - Black Olive', '863.00', 'antiperspirant deodorant', 906, 88),
 (89, 'Napkin Colour', '908.00', 'Cold Relief', 380, 89),
 (90, 'Cheese - Roquefort Pappillon', '959.00', 'Strattera', 881, 90),
 (91, 'Lettuce Romaine Chopped', '894.00', 'Fanapt', 819, 91),
 (92, 'Foam Dinner Plate', '217.00', 'Smart Sense Hydrocortisone', 191, 92),
 (93, 'Campari', '469.00', 'Apothecary PVP Topical', 985, 93),
 (94, 'Cookie Trail Mix', '894.00', 'Alprazolam', 306, 94),
 (95, 'Potatoes - Fingerling 4 Oz', '326.00', 'Gabapentin', 468, 95),
 (96, 'Dr. Pepper - 355ml', '85.00', 'Trilipix', 316, 96),
 (97, 'Gherkin - Sour', '582.00', 'Gentamicin Sulfate', 102, 97),
 (98, 'Wasabi Paste', '929.00', 'Candida - Yeast', 493, 98),
 (99, 'Juice - Prune', 98.00, 'Laura Lynn Extra Whitening Sensitive', 8, 99),
 (100, 'Tomatoes Tear Drop', '446.00', 'Bumetanide', 978, 100);
 
create table dealer (
	dealer_id INT NOT NULL PRIMARY KEY AUTO_INCREMENT,
	dealer_name VARCHAR(50) NOT NULL,
	dealer_username VARCHAR(50) NOT NULL UNIQUE,
	dealer_password VARCHAR(50) NOT NULL,
	address_of_operations VARCHAR(50) NOT NULL UNIQUE,
	contact_number VARCHAR(50) NOT NULL UNIQUE,
	email_id VARCHAR(50) NOT NULL UNIQUE,
	admin_id INT NOT NULL,
    FOREIGN KEY (admin_id) REFERENCES admins (admin_id)
    ON DELETE CASCADE
);

delimiter //
CREATE TRIGGER DEALER_check_insert_trigger BEFORE INSERT ON dealer
       FOR EACH ROW
       BEGIN
           IF NEW.address_of_operations = '' THEN
               SET NEW.address_of_operations = 'Vidur Limited';
           END IF;
       END;//
delimiter ;

insert into dealer (dealer_id, dealer_name, dealer_username, dealer_password, address_of_operations, contact_number, email_id, admin_id) values 
 (1, 'Worth Durram', 'Gregor Hitzke', 'RlrrP9kFY8kJ', '153rd floor', '334 909 6851', 'ghitzke0@blog.com', 1),
 (2, 'Josselyn Le Monnier', 'Letti Middleweek', 'owWcTp6zhR', '10th Floor', '670 796 7888', 'lmiddleweek1@t-online.de', 2),
 (3, 'Kamilah Lavallie', 'Chanda Cordero', 'GfvtcyDSPGPX', 'Suite 55', '229 603 1800', 'ccordero2@admin.ch', 3),
 (4, 'Marlee Geck', 'Richie Burker', 'fSanJpnO', 'Apt 136', '718 946 1888', 'rburker3@paypal.com', 4),
 (5, 'Harlene Meeron', 'Neville Blazic', 'NPHuXQqU', 'Apt 1299', '435 230 6923', 'nblazic4@buzzfeed.com', 5),
 (6, 'Tallou Viccary', 'Annabelle Broyd', 'wzMyT4L', 'Room 908', '936 128 0753', 'abroyd5@vistaprint.com', 6),
 (7, 'Germayne Langforth', 'Alfredo Meffan', 'oyDib6', 'Apt 1212', '266 860 8054', 'ameffan6@topsy.com', 7),
 (8, 'Verine Ivantyev', 'Bethena McIndoe', 'gOuS11cob', 'Room 808', '847 874 3997', 'bmcindoe7@admin.ch', 8),
 (9, 'Enrico Hellin', 'Martina Yuille', 'tsZl1BpX3', '17th Floor', '420 653 9062', 'myuille8@blinklist.com', 9),
 (10, 'Emeline Broyd', 'Arte Rickson', 'WIer7uz', 'Suite 3', '639 319 0776', 'arickson9@state.tx.us', 10),
 (11, 'Lezlie Katt', 'Fey Josefowicz', 'e8ldCQhB', 'PO Box 57666', '441 237 2399', 'fjosefowicza@geocities.jp', 41),
 (12, 'Selby Rogerson', 'Tyson Arens', 'OmgPGd5Jnog', 'Apt 529', '232 218 1276', 'tarensb@booking.com', 19),
 (13, 'Orland Moberley', 'Rinaldo Fernando', 'lt3Rh1XC', 'Room 1014', '942 574 3928', 'rfernandoc@usnews.com', 13),
 (14, 'Dianemarie Kingman', 'Bo Thumim', '8oEXHDz7k1vW', 'PO Box 55399', '511 709 2460', 'bthumimd@fema.gov', 89),
 (15, 'Kingsly Wensley', 'Felicle Tight', 'yJaM3sB6G9', 'Room 1226', '772 809 7252', 'ftighte@domainmarket.com', 15),
 (16, 'Wyatan McSaul', 'Gasper Sotheby', 'hNWOzo7Zv', 'Suite 41', '178 466 1181', 'gsothebyf@senate.gov', 16),
 (17, 'Erika Redwing', 'Cori Dossett', 'V5Gdb7Ttd4', 'Suite 23', '379 319 7061', 'cdossettg@archive.org', 17),
 (18, 'Margery Sivyer', 'Mollee Hadley', '6y10Jj5TtT', 'Apt 1955', '320 740 6177', 'mhadleyh@mtv.com', 98),
 (19, 'Brena Bache', 'Freddy Padrick', 'HXS0tI', 'Suite 85', '809 803 8239', 'fpadricki@blogs.com', 89),
 (20, 'Sherlocke Utting', 'Eziechiele Alton', 'XtDSVtoBT', 'PO Box 5850', '396 336 6108', 'ealtonj@ustream.tv', 10),
 (21, 'Edward Celiz', 'Horacio Amery', 'IXsGsbquSCY', '7th Floor', '684 814 1073', 'hameryk@buzzfeed.com', 11),
 (22, 'Broderic Cunliffe', 'Keith Leitch', 'ukV50ygFgmV', '13th Floor', '645 353 0833', 'kleitchl@fda.gov', 22),
 (23, 'Purcell Lysaght', 'Gianina Tremmil', 'OXVuWsYjd', 'Apt 1820', '470 263 8672', 'gtremmilm@lycos.com', 23),
 (24, 'Ransell Annear', 'Fritz Dibson', 'VzbpP0YhzPfG', 'Suite 42', '311 633 9180', 'fdibsonn@netlog.com', 24),
 (25, 'Stearn Haddleton', 'Addie Melsom', 'YLupT4UI4uA', 'Suite 21', '933 434 9997', 'amelsomo@theglobeandmail.com', 25),
 (26, 'Hermann Clifford', 'Langston Holton', 'VH4qV5uC', 'PO Box 13895', '430 829 7583', 'lholtonp@shop-pro.jp', 26),
 (27, 'Ingra Jedras', 'Jenny Cartmel', 'mMYjp4ul6', 'Room 378', '927 546 6683', 'jcartmelq@engadget.com', 27),
 (28, 'Fletch Teck', 'Stefania Vinter', 'WIsxIQli0', 'Apt 1047', '801 752 4783', 'svinterr@oracle.com', 28),
 (29, 'Laughton Runcieman', 'Aeriela Barfford', 'IpBU600', 'Room 1011', '976 107 2001', 'abarffords@nsw.gov.au', 29),
 (30, 'Sigfried Desorts', 'Amerigo McIllrick', 'mCl2vP6AaUnl', '2nd Floor', '950 802 7343', 'amcillrickt@spiegel.de', 30),
 (31, 'Lorinda Greve', 'Josy Tredinnick', 'EwgHHFFh', 'Apt 1149', '517 214 3151', 'jtredinnicku@hud.gov', 31),
 (32, 'Morgen Easun', 'Rufus Crowley', 'AmGtTbJOROb', 'Apt 60', '899 745 7723', 'rcrowleyv@accuweather.com', 32),
 (33, 'Tremaine Gathercoal', 'Mario Dods', 'fH9EuKxjC', 'Suite 87', '543 301 4715', 'mdodsw@shutterfly.com', 33),
 (34, 'Giovanni Likly', 'Ranique Piolli', 'vaVmUs', '101th Floor', '244 219 2443', 'rpiollix@un.org', 34),
 (35, 'Otto Pavek', 'Maritsa Ringe', 'tHQvzg', 'Suite 1002', '340 332 9924', 'mringey@mit.edu', 35),
 (36, 'Jorry Dregan', 'Gabbie Rummings', 'fCKVPxQ', 'Apt 914', '662 651 7558', 'grummingsz@ow.ly', 36),
 (37, 'Nelly Feldman', 'Shanta Mackin', 'GwYTVdWXljE', '3rd Floor', '562 141 2818', 'smackin10@fotki.com', 37),
 (38, 'Winfred Tomaszkiewicz', 'Greer Grayer', '8tvQEjxKw2ZV', 'Apt 562', '218 124 8393', 'ggrayer11@google.de', 38),
 (39, 'Flor Meus', 'Shell Burrells', 'qGcCUOJTRjL', 'Apt 1508', '863 311 2927', 'sburrells12@uiuc.edu', 39),
 (40, 'Sayre Challenger', 'Madella Treble', '5XRrOfnBRKTn', '9th Floor', '248 429 6587', 'mtreble13@google.ru', 40),
 (41, 'Xever Kirtlan', 'Brice Kirwan', 'EOV68uQD', 'PO Box 99521', '785 928 5564', 'bkirwan14@t-online.de', 41),
 (42, 'Mechelle Abramovicz', 'Everett O'' Markey', 'sR1aQXxCNVI3', 'Apt 788', '213 354 6226', 'eo15@gnu.org', 42),
 (43, 'Sullivan Grcic', 'Jannel Onyon', 'tCCkmu6', 'Suite 33', '348 310 5745', 'jonyon16@shareasale.com', 43),
 (44, 'Joann Latchmore', 'Gustaf Ambrogini', 'rpoKoEt', 'PO Box 31764', '711 216 3683', 'gambrogini17@mac.com', 44),
 (45, 'Hobey Storres', 'Doralynn Tweddle', 'Mjmt4Mtgb0fP', '18th Floor', '254 952 3757', 'dtweddle18@dot.gov', 45),
 (46, 'Catherina Poytheras', 'Liz Castanho', '43Rw4cl', 'Apt 1691', '454 835 3023', 'lcastanho19@jugem.jp', 46),
 (47, 'Melvin Felmingham', 'Ruttger Spurdens', 'XyEYODBaDb', 'Suite 72', '512 535 9787', 'rspurdens1a@reuters.com', 47),
 (48, 'Truda Olpin', 'Noemi Passler', 'c9n8h51K', 'PO Box 48904', '400 581 6128', 'npassler1b@symantec.com', 48),
 (49, 'Sindee Swatheridge', 'Griselda Duigenan', 'gSzFAZW6qj', '1410th Floor', '646 510 2073', 'gduigenan1c@skype.com', 49),
 (50, 'Reynard Landy', 'Bartolomeo Winston', '98FSgPvKSUod', '20th Floor', '729 202 3784', 'bwinston1d@smugmug.com', 50),
 (51, 'Arley Cunradi', 'Knox Josskovitz', 'o7g9XSI', 'Apt 605', '974 652 3404', 'kjosskovitz1e@timesonline.co.uk', 51),
 (52, 'Betty Weatherill', 'Heindrick Grishkov', '2znDTo6mKWw', 'Suite 2', '785 418 1259', 'hgrishkov1f@com.com', 52),
 (53, 'Ottilie Scardafield', 'Ellary Cowperthwaite', 'uSKu8QJVB', 'Room 507', '227 120 9230', 'ecowperthwaite1g@deliciousdays.com', 53),
 (54, 'Andonis Josselsohn', 'Alix Hibbart', 'YKXFTU5', '14th Floor', '328 292 7329', 'ahibbart1h@zimbio.com', 54),
 (55, 'Brit Lofthouse', 'Iris Joskovitch', 'oqZS16g2w', 'PO Box 46335', '657 117 7821', 'ijoskovitch1i@nhs.uk', 55),
 (56, 'Drusilla Hurworth', 'Andeee Luckie', 'BySKCxfUFCZ', 'Suite 83', '431 723 6191', 'aluckie1j@google.ca', 56),
 (57, 'Fawne Measham', 'Ertha Rainbow', 'RZNxxTh2K', 'Room 1635', '228 477 1259', 'erainbow1k@wordpress.org', 57),
 (58, 'Ajay Swanwick', 'Halette Rayner', 'WE9bdh4l', '109th Floor', '899 806 4273', 'hrayner1l@lycos.com', 58),
 (59, 'Jean Bethune', 'Leeanne Gutierrez', 'dAKtFP8Vb', 'PO Box 82302', '707 838 3093', 'lgutierrez1m@gov.uk', 59),
 (60, 'Melvyn Kilmary', 'Morgan Von Gladbach', 'tkCRuhKt', '16th Floor', '754 377 0817', 'mvon1n@rediff.com', 60),
 (61, 'Cammie Golagley', 'Carmelia Margeram', '9whjjKIY1KA', 'Apt 1281', '416 252 5096', 'cmargeram1o@who.int', 61),
 (62, 'Burnard Wapplington', 'Vasily Tenby', 'KruHKphD7', 'Suite 95', '629 252 0617', 'vtenby1p@dropbox.com', 62),
 (63, 'Sissy Gabites', 'Franny Abramov', 'LNwL0Vej0x', 'Suite 5', '796 687 0308', 'fabramov1q@wiley.com', 63),
 (64, 'Judon Fairbrass', 'Sibley Finnigan', '9uhHyJD', 'Room 785', '706 951 6235', 'sfinnigan1r@ycombinator.com', 64),
 (65, 'Tally Diego', 'Cori Hamner', 'ySEp65tbiIl', 'Apt 1778', '916 973 6991', 'chamner1s@businesswire.com', 65),
 (66, 'Boothe Stronach', 'Merl Perford', 'xE4Wp8H', 'Apt 239', '240 272 1064', 'mperford1t@princeton.edu', 66),
 (67, 'Chadd Rosini', 'Chelsy L''Episcopio', 'brLNWKXG7k', 'Suite 4001', '583 191 9621', 'clepiscopio1u@ask.com', 67),
 (68, 'Kirbie Durrington', 'Kristoforo Snoddin', 'Egfn0dI', 'PO Box 3116', '638 605 8894', 'ksnoddin1v@dropbox.com', 68),
 (69, 'Dane Germain', 'Sayer Raspison', 'rwRD3e', '4th Floor', '739 312 6408', 'sraspison1w@goo.gl', 69),
 (70, 'Morse Barense', 'Josias Daviot', 'NZmNXXt5KTF', '205th Floor', '842 677 2339', 'jdaviot1x@marriott.com', 70),
 (71, 'Ofella Skelington', 'Roxanna Kroger', '9ueEKIn4', 'PO Box 95274', '170 719 9555', 'rkroger1y@uiuc.edu', 71),
 (72, 'Laughton Donnison', 'Addia Probat', '1GcV29WqkGh', 'PO Box 47322', '430 833 2507', 'aprobat1z@elegantthemes.com', 72),
 (73, 'Duky Lawes', 'Elspeth Goretti', 'pbVNK5', 'Apt 952', '361 746 4627', 'egoretti20@tmall.com', 73),
 (74, 'Iain Ranklin', 'Meredithe Allmond', 'zCYswSnUva', 'Room 1197', '275 727 7810', 'mallmond21@tuttocitta.it', 74),
 (75, 'Darin Heimes', 'Ophelia Saiz', 'paNIPOP', '6th Floor', '767 175 1242', 'osaiz22@wiley.com', 75),
 (76, 'Joceline Luna', 'Olwen Ortet', 'B5DqF8uARM', 'Room 1077', '911 185 8035', 'oortet23@cbslocal.com', 76),
 (77, 'Viviana Cartlidge', 'Howey Chape', 'u0nFhzH', 'PO Box 60947', '207 219 9988', 'hchape24@sourceforge.net', 77),
 (78, 'Casie Shelvey', 'Papageno Rubbens', 'qpceJMEFBi37', 'Room 1338', '731 875 9432', 'prubbens25@google.fr', 78),
 (79, 'Giordano Archambault', 'Baxie Thornham', 'YVXpLiBNp', '17524th Floor', '565 235 6161', 'bthornham26@foxnews.com', 79),
 (80, 'Somerset Dyet', 'Jenni Cowell', 'P9kZ8GXC', 'PO Box 94890', '672 374 8587', 'jcowell27@springer.com', 80),
 (81, 'Ilene Theobalds', 'Laure Shilstone', 'skURuEaBI', 'PO Box 85411', '912 138 7953', 'lshilstone28@miitbeian.gov.cn', 81),
 (82, 'Mycah Purton', 'Marshal Impy', '9AXig0h77gpx', 'Apt 723', '865 204 1045', 'mimpy29@illinois.edu', 82),
 (83, 'Bartel Skrines', 'Jermain Harback', 'a8CksT', 'Room 1726', '714 823 5772', 'jharback2a@hc360.com', 83),
 (84, 'Janaye Hulme', 'Cindy Narducci', '6jyKv0KP8Xoe', 'sector-14 sonipat', '846 762 3432', 'cnarducci2b@tuttocitta.it', 84),
 (85, 'Jilli Trinkwon', 'Linet Stephenson', 'a48USrM', 'Room 1064', '500 156 5995', 'lstephenson2c@surveymonkey.com', 85),
 (86, 'Burl Yglesia', 'Alick Maddern', 'MzBrnUVV', 'Apt 758', '836 610 6793', 'amaddern2d@google.cn', 86),
 (87, 'Joel Goldis', 'Josee Craine', 'gS5BUmHukz7B', 'Room 1947', '504 133 9203', 'jcraine2e@google.com.br', 87),
 (88, 'Edgard Gilling', 'Gunar Eastway', 'ksihd8OW', 'Room 1636', '401 672 2909', 'geastway2f@ibm.com', 88),
 (89, 'Tabbie Stemp', 'Roderic Helsby', 'LqaHgsYC', 'Apt 166', '663 726 4466', 'rhelsby2g@theatlantic.com', 89),
 (90, 'Lyndy MacDowal', 'Valentina Skedge', 'YQKjo3', 'Apt 205', '770 845 0524', 'vskedge2h@bbc.co.uk', 90),
 (91, 'Smith Harryman', 'Nadia Abrahamsohn', 'Pd6XKRxhB', 'Apt 990', '241 850 6007', 'nabrahamsohn2i@independent.co.uk', 91),
 (92, 'Elle Sparkwill', 'Jaymee Drance', 'uWDJZ0EnB0o', 'Maharaja agrasen chowk', '628 832 8640', 'jdrance2j@cmu.edu', 92),
 (93, 'Gerardo Steers', 'Christen Ciobotaru', '2R4oDBP8xbcv', 'Suite 6', '159 727 2074', 'cciobotaru2k@com.com', 93),
 (94, 'Betsy Pranger', 'Bryce Vedeniktov', 'GUf5fm', 'Suite 16', '946 201 9191', 'bvedeniktov2l@cargocollective.com', 14),
 (95, 'Cornelius Hannaby', 'Inge Curryer', 'd88YrOloNh', 'Room 712', '631 223 4846', 'icurryer2m@a8.net', 95),
 (96, 'Katina Matthews', 'Abra Obispo', 'c4OYAcKmvC', 'Suite 29', '394 956 7665', 'aobispo2n@wikispaces.com', 96),
 (97, 'Tara Garza', 'Florentia Kurten', '3mSamGYPi', 'Suite 48', '485 280 5230', 'fkurten2o@desdev.cn', 17),
 (98, 'Alta Dyneley', 'Othello Reddish', 'uul1Vpw8Ghx', 'PO Box 91255', '572 710 0544', 'oreddish2p@utexas.edu', 18),
 (99, 'Timoteo Biasetti', 'Maddy McLarty', 'zqxtpz88qh', 'Room 897', '413 205 8468', 'mmclarty2q@answers.com', 99),
 (100, 'Boyce Giraudel', 'Rosabelle Frankowski', 'E61QLporFH4y', 'Room 1260', '319 307 8643', 'rfrankowski2r@yale.edu', 100);
 
create table product_feedback (
	feedback_id INT NOT NULL UNIQUE AUTO_INCREMENT,
	rating_given DECIMAL(3,2) NOT NULL,
	review TEXT NOT NULL,
	likes INT,
	date_published DATE NOT NULL,
    product_id INT,
    FOREIGN KEY (product_id) REFERENCES product (product_id)
    ON DELETE CASCADE,
    customer_id INT,
    FOREIGN KEY (customer_id) REFERENCES customer (customer_id)
    ON DELETE CASCADE
);

insert into product_feedback (feedback_id, rating_given, review, likes, date_published, product_id, customer_id) values 
 (1, 0.94, 'arcu libero rutrum ac lobortis vel dapibus at diam nam tristique tortor', 5974, '2022-05-16', 100, 1),
 (2, 0.18, 'penatibus et magnis dis parturient montes nascetur ridiculus mus vivamus vestibulum sagittis sapien cum sociis natoque', 8979, '2023-01-22', 2, 2),
 (3, 1.84, 'nisl nunc nisl duis bibendum felis sed interdum venenatis turpis enim blandit mi in porttitor pede justo eu', 7501, '2022-07-28', 3, 3),
 (4, 2.09, 'ante vel ipsum praesent blandit lacinia erat vestibulum sed magna at nunc commodo placerat praesent blandit nam', 5366, '2022-11-25', 64, 14),
 (5, 4.28, 'massa donec dapibus duis at velit eu est congue elementum in hac habitasse', 2606, '2022-06-24', 5, 5),
 (6, 2.35, 'quam fringilla rhoncus mauris enim leo rhoncus sed vestibulum sit amet', 3072, '2022-02-25', 6, 6),
 (7, 4.41, 'vel augue vestibulum rutrum rutrum neque aenean auctor gravida sem praesent id massa', 7198, '2022-11-17', 7, 7),
 (8, 0.9, 'facilisi cras non velit nec nisi vulputate nonummy maecenas tincidunt lacus at velit vivamus vel', 0, '2023-01-18', 9, 8),
 (9, 2.38, 'condimentum curabitur in libero ut massa volutpat convallis morbi odio odio elementum eu interdum eu tincidunt in leo maecenas pulvinar', 8256, '2022-03-16', 9, 9),
 (10, 3.04, 'non velit nec nisi vulputate nonummy maecenas tincidunt lacus at velit vivamus vel nulla eget eros elementum pellentesque', 8707, '2022-09-22', 10, 10),
 (11, 2.44, 'nec nisi volutpat eleifend donec ut dolor morbi vel lectus', 2252, '2022-12-11', 11, 11),
 (12, 2.13, 'sapien a libero nam dui proin leo odio porttitor id', 338, '2022-10-13', 12, 12),
 (13, 0.07, 'at turpis a pede posuere nonummy integer non velit donec diam neque vestibulum eget', 5153, '2022-12-17', 13, 13),
 (14, 0.62, 'quis odio consequat varius integer ac leo pellentesque ultrices mattis odio donec', 7608, '2022-11-12', 14, 14),
 (15, 0.11, 'in lacus curabitur at ipsum ac tellus semper interdum mauris ullamcorper purus sit amet nulla quisque arcu', 9256, '2022-12-09', 15, 15),
 (16, 4.08, 'dui nec nisi volutpat eleifend donec ut dolor morbi vel lectus in quam fringilla rhoncus', 4478, '2022-09-28', 16, 16),
 (17, 4.61, 'interdum in ante vestibulum ante ipsum primis in faucibus orci luctus et ultrices posuere cubilia curae duis faucibus accumsan', 1228, '2023-02-05', 17, 17),
 (18, 0.01, 'vitae nisl aenean lectus pellentesque eget nunc donec quis orci eget orci vehicula condimentum curabitur in libero ut', 7020, '2022-03-10', 18, 18),
 (19, 1.36, 'varius nulla facilisi cras non velit nec nisi vulputate nonummy maecenas tincidunt lacus at velit vivamus', 1386, '2022-04-30', 19, 19),
 (20, 4.84, 'augue vestibulum ante ipsum primis in faucibus orci luctus et ultrices posuere', 38, '2022-09-05', 20, 20),
 (21, 4.73, 'nunc vestibulum ante ipsum primis in faucibus orci luctus et', 5659, '2022-05-20', 21, 21),
 (22, 1.8, 'sit amet lobortis sapien sapien non mi integer ac neque duis bibendum morbi non quam nec dui luctus rutrum', 1959, '2022-09-08', 22, 22),
 (23, 2.45, 'tincidunt in leo maecenas pulvinar lobortis est phasellus sit amet', 8296, '2022-12-01', 23, 23),
 (24, 1.68, 'lacus curabitur at ipsum ac tellus semper interdum mauris ullamcorper purus sit amet nulla', 9674, '2022-08-10', 24, 4),
 (25, 0.48, 'proin eu mi nulla ac enim in tempor turpis nec euismod', 7612, '2022-12-25', 25, 25),
 (26, 0.22, 'dui proin leo odio porttitor id consequat in consequat ut nulla sed accumsan felis ut at dolor', 5653, '2022-07-30', 26, 6),
 (27, 0.08, 'mi sit amet lobortis sapien sapien non mi integer ac neque duis bibendum morbi non quam nec dui luctus rutrum', 3736, '2023-02-05', 7, 27),
 (28, 0.14, 'at dolor quis odio consequat varius integer ac leo pellentesque ultrices mattis odio donec vitae', 1437, '2022-05-17', 2, 28),
 (29, 3.0, 'luctus nec molestie sed justo pellentesque viverra pede ac diam cras', 7366, '2022-07-08', 29, 29),
 (30, 0.32, 'odio curabitur convallis duis consequat dui nec nisi volutpat eleifend donec ut dolor morbi vel lectus in', 9723, '2022-04-17', 30, 30),
 (31, 1.56, 'non ligula pellentesque ultrices phasellus id sapien in sapien iaculis congue vivamus metus arcu adipiscing molestie hendrerit', 6238, '2022-05-03', 31, 31),
 (32, 3.23, 'amet consectetuer adipiscing elit proin interdum mauris non ligula pellentesque ultrices phasellus id sapien', 926, '2022-07-31', 32, 32),
 (33, 2.74, 'vel sem sed sagittis nam congue risus semper porta volutpat quam pede lobortis ligula sit amet eleifend pede', 2217, '2023-01-29', 33, 33),
 (34, 4.53, 'sem duis aliquam convallis nunc proin at turpis a pede posuere nonummy integer non', 2473, '2022-07-13', 34, 34),
 (35, 0.21, 'massa tempor convallis nulla neque libero convallis eget eleifend luctus ultricies eu nibh quisque id justo sit amet', 7808, '2022-09-01', 35, 35),
 (36, 3.95, 'ac nibh fusce lacus purus aliquet at feugiat non pretium quis lectus suspendisse potenti in', 8844, '2022-06-24', 36, 36),
 (37, 4.93, 'nulla eget eros elementum pellentesque quisque porta volutpat erat quisque erat eros viverra eget congue eget semper', 5761, '2022-06-02', 37, 37),
 (38, 3.63, 'non ligula pellentesque ultrices phasellus id sapien in sapien iaculis congue vivamus metus arcu adipiscing', 6760, '2022-07-05', 38, 38),
 (39, 1.36, 'luctus tincidunt nulla mollis molestie lorem quisque ut erat curabitur gravida nisi at nibh in', 6842, '2022-03-28', 39, 39),
 (40, 0.86, 'quis orci nullam molestie nibh in lectus pellentesque at nulla suspendisse potenti cras in purus eu magna vulputate', 9396, '2023-01-08', 40, 40),
 (41, 4.78, 'ligula in lacus curabitur at ipsum ac tellus semper interdum', 8751, '2022-09-03', 41, 41),
 (42, 4.45, 'lorem integer tincidunt ante vel ipsum praesent blandit lacinia erat vestibulum sed magna at nunc commodo placerat', 3439, '2022-04-19', 42, 42),
 (43, 1.23, 'in felis donec semper sapien a libero nam dui proin leo odio porttitor', 681, '2022-05-21', 43, 43),
 (44, 2.69, 'eget eleifend luctus ultricies eu nibh quisque id justo sit amet sapien dignissim vestibulum vestibulum ante ipsum', 2783, '2022-10-15', 44, 44),
 (45, 0.88, 'in lectus pellentesque at nulla suspendisse potenti cras in purus', 7375, '2022-11-21', 45, 45),
 (46, 4.21, 'mi nulla ac enim in tempor turpis nec euismod scelerisque quam turpis adipiscing lorem', 9481, '2022-12-29', 46, 46),
 (47, 4.44, 'cubilia curae mauris viverra diam vitae quam suspendisse potenti nullam porttitor lacus at', 6558, '2023-01-08', 47, 47),
 (48, 2.9, 'risus auctor sed tristique in tempus sit amet sem fusce consequat', 9844, '2022-12-16', 48, 48),
 (49, 1.44, 'erat fermentum justo nec condimentum neque sapien placerat ante nulla justo', 4405, '2022-04-18', 49, 49),
 (50, 0.13, 'leo rhoncus sed vestibulum sit amet cursus id turpis integer aliquet massa id lobortis', 9214, '2022-08-23', 50, 50),
 (51, 4.85, 'dapibus dolor vel est donec odio justo sollicitudin ut suscipit a feugiat', 3129, '2022-12-11', 51, 51),
 (52, 1.44, 'ornare imperdiet sapien urna pretium nisl ut volutpat sapien arcu sed augue aliquam', 7151, '2022-03-18', 52, 52),
 (53, 3.87, 'mus etiam vel augue vestibulum rutrum rutrum neque aenean auctor gravida sem praesent id massa id nisl venenatis', 3544, '2022-12-03', 53, 53),
 (54, 3.67, 'condimentum neque sapien placerat ante nulla justo aliquam quis turpis eget elit sodales scelerisque mauris sit amet eros suspendisse accumsan', 5926, '2023-02-01', 54, 54),
 (55, 3.73, 'congue eget semper rutrum nulla nunc purus phasellus in felis donec semper sapien a libero', 1738, '2022-11-28', 55, 55),
 (56, 3.65, 'diam cras pellentesque volutpat dui maecenas tristique est et tempus semper est quam', 5392, '2022-12-13', 56, 56),
 (57, 0.9, 'libero non mattis pulvinar nulla pede ullamcorper augue a suscipit nulla elit ac nulla sed vel enim sit amet', 9454, '2022-07-03', 57, 57),
 (58, 3.88, 'donec posuere metus vitae ipsum aliquam non mauris morbi non lectus aliquam sit amet diam in magna bibendum imperdiet nullam', 6222, '2022-07-28', 58, 58),
 (59, 4.25, 'varius nulla facilisi cras non velit nec nisi vulputate nonummy maecenas tincidunt lacus at velit vivamus vel', 1928, '2022-02-27', 59, 59),
 (60, 2.95, 'eget rutrum at lorem integer tincidunt ante vel ipsum praesent blandit lacinia erat vestibulum', 7342, '2022-10-04', 60, 60),
 (61, 3.83, 'nam dui proin leo odio porttitor id consequat in consequat ut nulla sed accumsan felis ut', 4916, '2022-10-30', 61, 61),
 (62, 3.85, 'luctus ultricies eu nibh quisque id justo sit amet sapien dignissim vestibulum vestibulum', 7580, '2022-09-23', 62, 62),
 (63, 2.61, 'ante ipsum primis in faucibus orci luctus et ultrices posuere cubilia curae nulla dapibus dolor vel', 902, '2022-12-02', 63, 63),
 (64, 1.37, 'vestibulum sit amet cursus id turpis integer aliquet massa id lobortis convallis tortor risus dapibus augue vel', 8003, '2022-05-29', 64, 64),
 (65, 0.52, 'nibh ligula nec sem duis aliquam convallis nunc proin at turpis a pede posuere nonummy integer non velit', 5186, '2022-06-04', 65, 65),
 (66, 1.35, 'lectus pellentesque at nulla suspendisse potenti cras in purus eu magna vulputate luctus cum sociis natoque penatibus et magnis', 6737, '2023-01-03', 66, 66),
 (67, 1.59, 'maecenas leo odio condimentum id luctus nec molestie sed justo pellentesque viverra pede ac diam cras', 9407, '2022-08-11', 67, 67),
 (68, 4.82, 'pede malesuada in imperdiet et commodo vulputate justo in blandit ultrices enim', 133, '2022-10-12', 68, 68),
 (69, 0.88, 'posuere nonummy integer non velit donec diam neque vestibulum eget vulputate ut ultrices vel augue vestibulum', 3776, '2022-09-04', 69, 69),
 (70, 1.9, 'lectus pellentesque at nulla suspendisse potenti cras in purus eu magna vulputate luctus cum sociis natoque penatibus et magnis dis', 4619, '2022-11-09', 70, 70),
 (71, 1.47, 'vel augue vestibulum ante ipsum primis in faucibus orci luctus et', 6670, '2023-01-25', 71, 71),
 (72, 3.06, 'integer ac neque duis bibendum morbi non quam nec dui', 7785, '2022-11-13', 72, 72),
 (73, 1.72, 'dui nec nisi volutpat eleifend donec ut dolor morbi vel lectus in quam fringilla rhoncus mauris enim leo rhoncus sed', 1713, '2022-05-26', 73, 73),
 (74, 3.27, 'a feugiat et eros vestibulum ac est lacinia nisi venenatis tristique fusce', 2027, '2022-04-23', 74, 74),
 (75, 1.82, 'quam nec dui luctus rutrum nulla tellus in sagittis dui', 2909, '2022-04-08', 75, 75),
 (76, 2.94, 'posuere cubilia curae donec pharetra magna vestibulum aliquet ultrices erat tortor sollicitudin mi sit', 1207, '2022-07-17', 76, 76),
 (77, 4.0, 'augue quam sollicitudin vitae consectetuer eget rutrum at lorem integer tincidunt', 774, '2022-08-23', 77, 77),
 (78, 1.55, 'luctus et ultrices posuere cubilia curae mauris viverra diam vitae quam suspendisse potenti nullam porttitor lacus', 5750, '2022-12-24', 78, 78),
 (79, 3.66, 'ridiculus mus vivamus vestibulum sagittis sapien cum sociis natoque penatibus et magnis dis parturient montes nascetur', 5771, '2022-10-26', 79, 79),
 (80, 2.83, 'nisl nunc nisl duis bibendum felis sed interdum venenatis turpis enim blandit mi in porttitor pede justo', 1922, '2022-10-10', 80, 80),
 (81, 0.23, 'lacus curabitur at ipsum ac tellus semper interdum mauris ullamcorper purus sit amet nulla quisque arcu', 883, '2022-08-27', 81, 81),
 (82, 4.94, 'fusce congue diam id ornare imperdiet sapien urna pretium nisl ut volutpat sapien arcu sed augue aliquam erat', 8806, '2022-12-31', 82, 82),
 (83, 0.67, 'porttitor pede justo eu massa donec dapibus duis at velit eu est congue elementum', 7858, '2022-11-15', 83, 83),
 (84, 3.66, 'sociis natoque penatibus et magnis dis parturient montes nascetur ridiculus mus', 3144, '2022-12-09', 84, 84),
 (85, 4.86, 'posuere cubilia curae duis faucibus accumsan odio curabitur convallis duis consequat', 7455, '2022-11-13', 85, 85),
 (86, 0.85, 'in magna bibendum imperdiet nullam orci pede venenatis non sodales sed tincidunt eu felis fusce posuere felis sed', 1999, '2022-07-21', 86, 86),
 (87, 1.39, 'nec euismod scelerisque quam turpis adipiscing lorem vitae mattis nibh ligula nec sem', 370, '2022-05-20', 87, 87),
 (88, 4.48, 'luctus et ultrices posuere cubilia curae nulla dapibus dolor vel est donec', 9255, '2022-03-28', 88, 88),
 (89, 0.78, 'nam ultrices libero non mattis pulvinar nulla pede ullamcorper augue a suscipit nulla elit ac nulla sed', 8619, '2022-11-19', 89, 89),
 (90, 4.78, 'suspendisse potenti in eleifend quam a odio in hac habitasse platea dictumst maecenas ut massa quis augue luctus tincidunt nulla', 7140, '2022-08-09', 90, 90),
 (91, 3.21, 'massa quis augue luctus tincidunt nulla mollis molestie lorem quisque ut', 1249, '2022-07-08', 91, 91),
 (92, 4.04, 'nulla mollis molestie lorem quisque ut erat curabitur gravida nisi', 3672, '2022-04-19', 92, 92),
 (93, 4.36, 'ipsum ac tellus semper interdum mauris ullamcorper purus sit amet', 9217, '2022-05-26', 93, 93),
 (94, 1.4, 'id nulla ultrices aliquet maecenas leo odio condimentum id luctus nec molestie sed justo pellentesque viverra pede ac diam', 9982, '2022-03-06', 94, 94),
 (95, 4.38, 'sagittis sapien cum sociis natoque penatibus et magnis dis parturient montes nascetur ridiculus mus etiam', 1003, '2022-02-19', 95, 95),
 (96, 4.97, 'odio in hac habitasse platea dictumst maecenas ut massa quis augue luctus tincidunt nulla mollis', 62, '2022-04-10', 96, 96),
 (97, 0.98, 'libero ut massa volutpat convallis morbi odio odio elementum eu interdum eu', 7646, '2022-05-27', 97, 97),
 (98, 3.43, 'nunc commodo placerat praesent blandit nam nulla integer pede justo lacinia eget tincidunt eget tempus', 3623, '2022-09-10', 98, 98),
 (99, 0.77, 'fermentum donec ut mauris eget massa tempor convallis nulla neque libero convallis', 104, '2022-04-14', 99, 99),
 (100, 1.55, 'cras non velit nec nisi vulputate nonummy maecenas tincidunt lacus at velit vivamus vel nulla', 2672, '2022-12-29', 100, 100);
 
create table coupon (
	coupon_id INT NOT NULL PRIMARY KEY AUTO_INCREMENT,
	percentage_discount INT NOT NULL,
	coupon_code VARCHAR(50) NOT NULL UNIQUE,
    admin_id INT NOT NULL,
    FOREIGN KEY (admin_id) REFERENCES admins (admin_id)
    ON DELETE CASCADE
);

insert into coupon (coupon_id, percentage_discount, coupon_code, admin_id) values 
 (1, 23, 'vsGzoRI0w',1),
 (2, 21, 'N8Yr78', 2),
 (3, 48, 'QOoIW6Ebt', 3),
 (4, 71, 'fuEPbl0OSOP',4),
 (5, 16, 'dT7a6y6Gozh', 5),
 (6, 37, 'RhjeHhc5i', 6),
 (7, 59, 'aEXdbz060', 7),
 (8, 53, 'wqeMJJE9ZWBK',8),
 (9, 40, 'N6b3tTZ5', 9),
 (10, 38, 'BAdPBiD6Ne', 10),
 (11, 27, 'dtd3d5', 11),
 (12, 26, 'e2EWt3',12),
 (13, 10, 'yY90ZxLSVxAn', 13),
 (14, 63, 'ryk1QQnP66Y', 14),
 (15, 45, 'PEnNG21Pms', 15),
 (16, 26, 'u36vJnI', 16),
 (17, 36, '4VUB4O3W8M', 17),
 (18, 43,'wVbt2c', 18),
 (19, 32, 'rIeTMhqpi5T4' , 19),
 (20, 42,'bhajb8O', 100);
 
create table cart (
	cart_id INT NOT NULL UNIQUE,
    FOREIGN KEY (cart_id) REFERENCES customer (customer_id)
    ON DELETE CASCADE,
	total_cost DECIMAL(10, 2) NOT NULL,
	description_info TEXT NOT NULL
);

insert into cart (cart_id, total_cost, description_info) values 
 (1, 0,  'augue vestibulum rutrum rutrum neque aenean auctor gravida sem praesent id massa id nisl'),
 (2, 0,  'odio donec vitae nisi nam ultrices libero non mattis pulvinar nulla pede ullamcorper augue a suscipit nulla'),
 (3, 0, 'ac tellus semper interdum mauris ullamcorper purus sit amet nulla quisque arcu libero rutrum ac lobortis vel'),
 (4, 0, 'magnis dis parturient montes nascetur ridiculus mus etiam vel augue vestibulum rutrum rutrum'),
 (5, 0, 'vestibulum sit amet cursus id turpis integer aliquet massa id lobortis convallis tortor risus dapibus augue vel accumsan tellus nisi'),
 (6, 0, 'pharetra magna vestibulum aliquet ultrices erat tortor sollicitudin mi sit'),
 (7, 0, 'rhoncus dui vel sem sed sagittis nam congue risus semper porta volutpat quam pede lobortis ligula sit amet eleifend'),
 (8, 0, 'nibh in quis justo maecenas rhoncus aliquam lacus morbi quis tortor id nulla ultrices aliquet'),
 (9, 0, 'aliquam convallis nunc proin at turpis a pede posuere nonummy integer non'),
 (10, 0, 'quam a odio in hac habitasse platea dictumst maecenas ut massa quis augue luctus tincidunt nulla mollis'),
 (11, 0, 'tellus semper interdum mauris ullamcorper purus sit amet nulla quisque arcu libero rutrum ac lobortis vel dapibus at diam nam'),
 (12, 0, 'consequat dui nec nisi volutpat eleifend donec ut dolor morbi vel'),
 (13, 0, 'in eleifend quam a odio in hac habitasse platea dictumst maecenas ut massa quis augue luctus tincidunt nulla'),
 (14, 0, 'platea dictumst morbi vestibulum velit id pretium iaculis diam erat fermentum justo nec condimentum neque sapien placerat ante nulla'),
 (15, 0, 'amet turpis elementum ligula vehicula consequat morbi a ipsum integer a nibh in quis justo maecenas rhoncus aliquam lacus morbi'),
 (16, 0, 'vitae consectetuer eget rutrum at lorem integer tincidunt ante vel ipsum praesent blandit lacinia erat vestibulum sed magna'),
 (17, 0, 'ipsum primis in faucibus orci luctus et ultrices posuere cubilia curae duis'),
 (18, 0, 'ligula vehicula consequat morbi a ipsum integer a nibh in'),
 (19, 0, 'facilisi cras non velit nec nisi vulputate nonummy maecenas tincidunt lacus at velit vivamus'),
 (20, 0, 'morbi odio odio elementum eu interdum eu tincidunt in leo maecenas pulvinar lobortis est phasellus sit amet erat nulla'),
 (21, 0, 'sodales sed tincidunt eu felis fusce posuere felis sed lacus morbi sem mauris'),
 (22, 0, 'adipiscing molestie hendrerit at vulputate vitae nisl aenean lectus pellentesque eget nunc donec quis orci'),
 (23, 0, 'viverra diam vitae quam suspendisse potenti nullam porttitor lacus at'),
 (24, 0, 'et ultrices posuere cubilia curae duis faucibus accumsan odio curabitur convallis duis'),
 (25, 0, 'justo sollicitudin ut suscipit a feugiat et eros vestibulum ac est'),
 (26, 0, 'eu nibh quisque id justo sit amet sapien dignissim vestibulum vestibulum ante ipsum primis in'),
 (27, 0, 'quis turpis sed ante vivamus tortor duis mattis egestas metus aenean fermentum donec ut mauris eget massa tempor convallis nulla'),
 (28, 0, 'ligula sit amet eleifend pede libero quis orci nullam molestie nibh in lectus pellentesque at'),
 (29, 0, 'dolor sit amet consectetuer adipiscing elit proin risus praesent lectus vestibulum quam sapien varius ut blandit non interdum in ante'),
 (30, 0, 'mus vivamus vestibulum sagittis sapien cum sociis natoque penatibus et magnis dis parturient'),
 (31, 0, 'nisl aenean lectus pellentesque eget nunc donec quis orci eget'),
 (32, 0, 'eu interdum eu tincidunt in leo maecenas pulvinar lobortis est phasellus sit'),
 (33, 0, 'nibh fusce lacus purus aliquet at feugiat non pretium quis'),
 (34, 0, 'varius nulla facilisi cras non velit nec nisi vulputate nonummy maecenas tincidunt lacus at velit'),
 (35, 0, 'vel lectus in quam fringilla rhoncus mauris enim leo rhoncus sed vestibulum sit amet cursus id'),
 (36, 0, 'nullam molestie nibh in lectus pellentesque at nulla suspendisse potenti cras in'),
 (37, 0, 'dolor vel est donec odio justo sollicitudin ut suscipit a feugiat et eros vestibulum ac'),
 (38, 0, 'mi nulla ac enim in tempor turpis nec euismod scelerisque quam turpis adipiscing lorem vitae mattis nibh ligula nec'),
 (39, 0, 'non velit nec nisi vulputate nonummy maecenas tincidunt lacus at velit vivamus vel nulla eget eros elementum pellentesque quisque porta'),
 (40, 0, 'volutpat quam pede lobortis ligula sit amet eleifend pede libero quis orci nullam molestie nibh in'),
 (41, 0, 'mi nulla ac enim in tempor turpis nec euismod scelerisque quam'),
 (42, 0, 'eget semper rutrum nulla nunc purus phasellus in felis donec semper sapien a'),
 (43, 0, 'faucibus cursus urna ut tellus nulla ut erat id mauris vulputate elementum nullam varius nulla facilisi'),
 (44, 0, 'pretium nisl ut volutpat sapien arcu sed augue aliquam erat volutpat in congue etiam justo'),
 (45, 0, 'montes nascetur ridiculus mus etiam vel augue vestibulum rutrum rutrum neque aenean auctor gravida sem praesent'),
 (46, 0, 'adipiscing lorem vitae mattis nibh ligula nec sem duis aliquam convallis nunc proin at turpis a pede'),
 (47, 0, 'vestibulum ante ipsum primis in faucibus orci luctus et ultrices'),
 (48, 0, 'vivamus vestibulum sagittis sapien cum sociis natoque penatibus et magnis dis parturient'),
 (49, 0, 'a pede posuere nonummy integer non velit donec diam neque vestibulum eget vulputate ut ultrices vel augue vestibulum ante'),
 (50, 0, 'consequat morbi a ipsum integer a nibh in quis justo maecenas rhoncus aliquam'),
 (51, 0, 'sagittis sapien cum sociis natoque penatibus et magnis dis parturient montes nascetur ridiculus mus etiam vel augue vestibulum rutrum'),
 (52, 0, 'nullam varius nulla facilisi cras non velit nec nisi vulputate nonummy maecenas tincidunt lacus at velit vivamus'),
 (53, 0, 'luctus et ultrices posuere cubilia curae donec pharetra magna vestibulum aliquet'),
 (54, 0, 'phasellus id sapien in sapien iaculis congue vivamus metus arcu adipiscing'),
 (55, 0, 'amet lobortis sapien sapien non mi integer ac neque duis bibendum morbi non quam nec dui luctus rutrum nulla tellus'),
 (56, 0, 'tincidunt lacus at velit vivamus vel nulla eget eros elementum pellentesque'),
 (57, 0, 'viverra diam vitae quam suspendisse potenti nullam porttitor lacus at turpis donec posuere metus vitae ipsum aliquam non'),
 (58, 0, 'libero convallis eget eleifend luctus ultricies eu nibh quisque id justo sit amet sapien dignissim vestibulum vestibulum ante ipsum'),
 (59, 0, 'purus aliquet at feugiat non pretium quis lectus suspendisse potenti in eleifend quam a odio in hac habitasse platea dictumst'),
 (60, 0, 'posuere cubilia curae nulla dapibus dolor vel est donec odio'),
 (61, 0, 'fusce congue diam id ornare imperdiet sapien urna pretium nisl ut volutpat sapien arcu sed augue aliquam erat'),
 (62, 0, 'dolor vel est donec odio justo sollicitudin ut suscipit a feugiat et eros vestibulum ac est lacinia'),
 (63, 0, 'adipiscing elit proin interdum mauris non ligula pellentesque ultrices phasellus id sapien'),
 (64, 0, 'morbi vestibulum velit id pretium iaculis diam erat fermentum justo nec condimentum neque sapien placerat ante nulla justo aliquam quis'),
 (65, 0, 'nec euismod scelerisque quam turpis adipiscing lorem vitae mattis nibh ligula nec sem duis aliquam convallis nunc'),
 (66, 0, 'quam sollicitudin vitae consectetuer eget rutrum at lorem integer tincidunt ante vel ipsum praesent blandit lacinia erat'),
 (67, 0, 'integer aliquet massa id lobortis convallis tortor risus dapibus augue vel accumsan tellus nisi eu orci mauris lacinia sapien quis'),
 (68, 0, 'tellus nulla ut erat id mauris vulputate elementum nullam varius nulla facilisi cras non velit nec nisi vulputate'),
 (69, 0, 'donec dapibus duis at velit eu est congue elementum in hac habitasse platea dictumst morbi vestibulum velit'),
 (70, 0, 'ut nunc vestibulum ante ipsum primis in faucibus orci luctus et ultrices posuere cubilia curae mauris viverra diam vitae'),
 (71, 0, 'sapien a libero nam dui proin leo odio porttitor id consequat'),
 (72, 0, 'nulla elit ac nulla sed vel enim sit amet nunc viverra'),
 (73, 0, 'in faucibus orci luctus et ultrices posuere cubilia curae mauris viverra diam vitae quam'),
 (74, 0, 'metus aenean fermentum donec ut mauris eget massa tempor convallis nulla neque libero convallis eget eleifend luctus ultricies eu'),
 (75, 0, 'massa tempor convallis nulla neque libero convallis eget eleifend luctus ultricies eu nibh quisque id justo sit amet sapien'),
 (76, 0, 'suscipit ligula in lacus curabitur at ipsum ac tellus semper interdum mauris ullamcorper'),
 (77, 0, 'ut at dolor quis odio consequat varius integer ac leo pellentesque ultrices mattis odio'),
 (78, 0, 'nisi eu orci mauris lacinia sapien quis libero nullam sit amet'),
 (79, 0, 'luctus ultricies eu nibh quisque id justo sit amet sapien dignissim'),
 (80, 0, 'interdum mauris ullamcorper purus sit amet nulla quisque arcu libero rutrum ac lobortis vel dapibus at diam nam tristique'),
 (81, 0, 'bibendum felis sed interdum venenatis turpis enim blandit mi in porttitor pede justo eu'),
 (82, 0, 'amet erat nulla tempus vivamus in felis eu sapien cursus vestibulum'),
 (83, 0, 'at nulla suspendisse potenti cras in purus eu magna vulputate luctus'),
 (84, 0, 'odio condimentum id luctus nec molestie sed justo pellentesque viverra'),
 (85, 0, 'tellus semper interdum mauris ullamcorper purus sit amet nulla quisque arcu libero rutrum ac lobortis vel dapibus'),
 (86, 0, 'gravida sem praesent id massa id nisl venenatis lacinia aenean sit amet justo morbi ut odio cras mi pede malesuada'),
 (87, 0, 'quisque erat eros viverra eget congue eget semper rutrum nulla nunc purus phasellus in felis donec'),
 (88, 0, 'quam pharetra magna ac consequat metus sapien ut nunc vestibulum ante ipsum primis in faucibus'),
 (89, 0, 'eu mi nulla ac enim in tempor turpis nec euismod scelerisque quam turpis adipiscing lorem vitae'),
 (90, 0, 'justo pellentesque viverra pede ac diam cras pellentesque volutpat dui maecenas tristique est et'),
 (91, 0, 'platea dictumst morbi vestibulum velit id pretium iaculis diam erat fermentum justo nec condimentum neque sapien placerat ante'),
 (92, 0, 'placerat praesent blandit nam nulla integer pede justo lacinia eget tincidunt eget tempus'),
 (93, 0, 'in porttitor pede justo eu massa donec dapibus duis at velit eu est congue elementum in'),
 (94, 0, 'risus auctor sed tristique in tempus sit amet sem fusce consequat nulla nisl'),
 (95, 0, 'fusce lacus purus aliquet at feugiat non pretium quis lectus suspendisse potenti in'),
 (96, 0, 'mattis egestas metus aenean fermentum donec ut mauris eget massa tempor convallis nulla'),
 (97, 0, 'tellus nisi eu orci mauris lacinia sapien quis libero nullam sit amet'),
 (98, 0, 'sapien urna pretium nisl ut volutpat sapien arcu sed augue aliquam erat volutpat in congue etiam justo etiam'),
 (99, 0, 'volutpat quam pede lobortis ligula sit amet eleifend pede libero quis orci nullam molestie nibh in lectus'),
 (100, 0, 'nulla suscipit ligula in lacus curabitur at ipsum ac tellus semper interdum mauris ullamcorper purus sit amet nulla');
 
 create table orders (
	order_id INT NOT NULL PRIMARY KEY AUTO_INCREMENT,
	delivery_boy_id INT NOT NULL,
    FOREIGN KEY (delivery_boy_id) REFERENCES delivery_boy (delivery_boy_id)
    ON DELETE CASCADE,
	total_cost DECIMAL(10, 2) NOT NULL,
	delivery_address VARCHAR(50) NOT NULL,
	order_status VARCHAR(13) NOT NULL,
	order_placed_date DATE NOT NULL,
	expected_delivery_time DATE NOT NULL,
    customer_id INT NOT NULL,
    FOREIGN KEY (customer_id) REFERENCES customer (customer_id)
    ON DELETE CASCADE
);

insert into orders (order_id, delivery_boy_id, total_cost, delivery_address, order_status, order_placed_date, expected_delivery_time, customer_id) values 
 (1, 12, '3400.00', '3rd floor', 'Delivered', '2022-12-10', '2023-07-01', 11),
 (2, 11, '759.00', '2nd Floor', 'Not delivered', '2022-09-11', '2023-10-15', 21),
 (3, 11, '1505.80', '10th Floor', 'Delivered', '2022-05-13', '2024-02-06', 31),
 (4, 11, '525.43', 'PO Box 79085', 'Not delivered', '2023-01-20', '2023-08-30', 11),
 (5, 5, '891.78', 'Apt 1583', 'Delivered', '2023-01-12', '2024-01-22', 5),
 (6, 6, '762.09', '19th Floor', 'Not delivered', '2022-07-14', '2023-12-13', 16),
 (7, 7, '445.38', 'Apt 524', 'Not delivered', '2022-11-22', '2023-12-31', 17),
 (8, 8, '713.45', 'PO Box 51079', 'Delivered', '2022-09-21', '2023-06-02', 18),
 (9, 9, '696.34', 'Suite 85', 'Not delivered', '2022-03-23', '2023-11-16', 19),
 (10, 10, '986.47', '12th Floor', 'Not delivered', '2022-04-16', '2024-01-09', 10),
 (11, 11, '787.10', 'PO Box 74745', 'Not delivered', '2022-11-22', '2023-05-27', 11),
 (12, 12, '370.86', 'Apt 366', 'Not delivered', '2022-08-09', '2023-08-13', 12),
 (13, 13, '966.17', 'PO Box 6157', 'Delivered', '2022-05-07', '2024-01-13', 13),
 (14, 14, '982.04', 'PO Box 18232', 'Delivered', '2022-03-22', '2023-06-10', 14),
 (15, 15, '753.73', 'Suite 82', 'Delivered', '2022-09-15', '2023-10-19', 15),
 (16, 16, '361.36', 'PO Box 41878', 'Not delivered', '2022-11-22', '2024-01-22', 16),
 (17, 17, '651.60', 'Apt 1555', 'Delivered', '2023-01-15', '2023-09-11', 17),
 (18, 18, '554.64', 'Apt 1387', 'Not delivered', '2022-04-19', '2023-08-22', 18),
 (19, 19, '509.17', 'Room 1031', 'Not delivered', '2022-10-11', '2023-09-29', 19),
 (20, 20, '997.23', 'Suite 59', 'Delivered', '2022-02-25', '2023-02-12', 20),
 (21, 21, '445.65', 'Room 383', 'Not delivered', '2022-12-13', '2024-01-07', 21),
 (22, 22, '688.25', 'Room 166', 'Not delivered', '2023-01-22', '2023-11-12', 22),
 (23, 23, '949.05', 'Suite 32', 'Delivered', '2022-05-23', '2023-11-07', 23),
 (24, 24, '379.85', 'Suite 25', 'Not delivered', '2023-01-17', '2023-07-18', 24),
 (25, 25, '403.84', 'Suite 20', 'Not delivered', '2022-03-18', '2023-11-26', 25),
 (26, 26, '749.13', 'Apt 1819', 'Delivered', '2022-08-16', '2023-10-25', 26),
 (27, 27, '855.18', 'Suite 84', 'Delivered', '2022-06-06', '2023-10-26', 27),
 (28, 28, '947.00', 'PO Box 55223', 'Not delivered', '2023-02-06', '2023-04-01', 28),
 (29, 29, '450.45', 'PO Box 51561', 'Not delivered', '2022-05-22', '2023-05-21', 29),
 (30, 30, '276.25', 'Apt 427', 'Not delivered', '2022-03-13', '2024-01-06', 30),
 (31, 31, '384.53', '16th Floor', 'Not delivered', '2022-05-27', '2023-07-27', 31),
 (32, 32, '643.33', '8th Floor', 'Delivered', '2022-03-27', '2023-03-25', 32),
 (33, 33, '215.62', 'Apt 350', 'Delivered', '2022-09-01', '2023-11-24', 33),
 (34, 34, '346.15', 'PO Box 11908', 'Not delivered', '2022-12-29', '2023-04-29', 34),
 (35, 35, '571.85', '3rd Floor', 'Delivered', '2022-08-08', '2023-06-25', 35),
 (36, 36, '809.20', 'PO Box 49840', 'Delivered', '2022-08-03', '2023-07-03', 36),
 (37, 37, '675.64', 'Room 1063', 'Delivered', '2022-02-24', '2024-02-02', 37),
 (38, 38, '517.85', 'PO Box 38220', 'Delivered', '2022-12-25', '2023-04-13', 38),
 (39, 39, '278.67', 'Suite 70', 'Delivered', '2022-11-13', '2023-07-28', 39),
 (40, 40, '734.08', 'PO Box 77785', 'Delivered', '2022-03-30', '2023-08-11', 40),
 (41, 41, '309.56', 'Suite 100', 'Delivered', '2023-01-27', '2023-02-25', 41),
 (42, 42, '499.61', '17th Floor', 'Not delivered', '2022-04-25', '2023-05-30', 42),
 (43, 43, '658.33', 'Room 1874', 'Not delivered', '2022-07-30', '2023-03-14', 43),
 (44, 44, '948.94', 'Suite 18', 'Not delivered', '2022-04-21', '2023-11-20', 44),
 (45, 45, '200.77', '18th Floor', 'Not delivered', '2022-11-02', '2023-09-23', 45),
 (46, 46, '508.72', 'Apt 573', 'Not delivered', '2022-08-19', '2023-08-03', 46),
 (47, 47, '685.02', 'Apt 1255', 'Delivered', '2022-03-03', '2023-03-19', 47),
 (48, 48, '952.21', 'PO Box 91397', 'Delivered', '2022-09-10', '2023-07-02', 48),
 (49, 49, '259.55', 'Suite 96', 'Not delivered', '2022-03-24', '2023-12-19', 49),
 (50, 50, '887.52', 'Room 1648', 'Not delivered', '2022-04-03', '2023-07-07', 50),
 (51, 51, '766.69', 'Room 1156', 'Not delivered', '2022-12-08', '2023-08-20', 51),
 (52, 52, '491.46', 'PO Box 15340', 'Delivered', '2022-06-06', '2023-11-08', 52),
 (53, 53, '553.28', '16th Floor', 'Delivered', '2023-01-01', '2023-09-02', 53),
 (54, 54, '304.14', 'Apt 1013', 'Delivered', '2022-09-16', '2023-09-14', 54),
 (55, 55, '908.24', 'Suite 28', 'Not delivered', '2023-01-15', '2023-06-19', 55),
 (56, 56, '833.13', 'Apt 1370', 'Delivered', '2022-03-21', '2023-10-27', 56),
 (57, 57, '332.70', 'Suite 44', 'Not delivered', '2022-07-16', '2023-06-01', 57),
 (58, 58, '281.31', 'Room 406', 'Delivered', '2022-12-08', '2023-10-06', 58),
 (59, 59, '873.22', 'PO Box 27622', 'Delivered', '2022-05-17', '2023-10-16', 59),
 (60, 60, '496.98', 'PO Box 68407', 'Delivered', '2022-03-25', '2023-02-15', 60),
 (61, 61, '345.95', 'Suite 32', 'Delivered', '2022-10-11', '2023-11-21', 61),
 (62, 62, '910.64', '4th Floor', 'Not delivered', '2022-05-23', '2023-10-15', 62),
 (63, 63, '655.71', 'PO Box 73824', 'Delivered', '2022-04-16', '2023-06-27', 63),
 (64, 64, '231.49', 'Apt 1148', 'Delivered', '2022-07-30', '2023-10-28', 64),
 (65, 65, '879.05', 'PO Box 21596', 'Not delivered', '2022-05-16', '2023-10-04', 65),
 (66, 66, '61.19', '19th Floor', 'Delivered', '2022-12-27', '2023-12-06', 66),
 (67, 67, '600.63', 'Suite 45', 'Not delivered', '2022-06-14', '2023-07-05', 67),
 (68, 68, '688.13', 'PO Box 14817', 'Delivered', '2022-10-31', '2023-08-25', 68),
 (69, 69, '422.05', 'Suite 20', 'Delivered', '2022-05-10', '2023-06-04', 69),
 (70, 70, '504.12', 'Suite 62', 'Delivered', '2022-12-01', '2023-02-19', 70),
 (71, 71, '697.25', '1st Floor', 'Not delivered', '2022-08-14', '2024-01-11', 71),
 (72, 72, '232.53', 'Apt 184', 'Delivered', '2022-04-10', '2023-05-01', 72),
 (73, 73, '259.22', '12th Floor', 'Delivered', '2022-10-10', '2023-11-25', 73),
 (74, 74, '506.28', 'Room 1436', 'Not delivered', '2022-09-14', '2024-01-18', 74),
 (75, 75, '653.51', 'Apt 792', 'Delivered', '2022-11-07', '2023-07-27', 75),
 (76, 76, '358.82', 'Room 1572', 'Delivered', '2022-02-17', '2023-12-22', 76),
 (77, 77, '276.81', 'Suite 13', 'Delivered', '2022-12-24', '2023-11-05', 77),
 (78, 78, '536.41', 'Apt 1026', 'Not delivered', '2022-12-05', '2023-09-20', 78),
 (79, 79, '841.81', 'Room 1446', 'Not delivered', '2022-10-03', '2023-09-24', 79),
 (80, 80, '649.60', 'PO Box 28996', 'Not delivered', '2022-05-12', '2023-11-23', 80),
 (81, 81, '918.18', 'Room 1133', 'Delivered', '2022-07-13', '2023-05-11', 81),
 (82, 82, '259.50', 'Suite 52', 'Not delivered', '2022-03-17', '2023-09-10', 82),
 (83, 83, '281.70', 'PO Box 85728', 'Delivered', '2022-03-18', '2023-12-16', 83),
 (84, 84, '930.47', 'Room 373', 'Not delivered', '2023-01-12', '2023-06-05', 84),
 (85, 85, '981.38', 'Apt 1246', 'Delivered', '2022-12-22', '2023-02-20', 85),
 (86, 86, '517.48', 'Room 233', 'Not delivered', '2022-11-03', '2023-11-19', 86),
 (87, 87, '797.75', 'Room 1717', 'Delivered', '2022-09-14', '2023-07-27', 87),
 (88, 88, '944.98', 'Apt 1442', 'Not delivered', '2022-07-03', '2024-01-09', 88),
 (89, 89, '427.86', 'PO Box 46172', 'Delivered', '2023-01-07', '2023-07-11', 89),
 (90, 90, '478.74', 'Suite 45', 'Delivered', '2022-03-09', '2023-09-09', 90),
 (91, 91, '699.04', 'Suite 8', 'Not delivered', '2022-05-04', '2023-02-26', 91),
 (92, 92, '892.87', '1st Floor', 'Delivered', '2022-08-18', '2023-11-18', 92),
 (93, 93, '447.35', '2nd Floor', 'Not delivered', '2022-02-10', '2023-02-24', 93),
 (94, 94, '718.72', 'Room 1747', 'Delivered', '2022-06-24', '2023-12-22', 94),
 (95, 95, '553.66', '6th Floor', 'Not delivered', '2022-07-18', '2023-08-02', 95),
 (96, 96, '735.48', 'Room 395', 'Delivered', '2022-03-27', '2023-07-29', 96),
 (97, 97, '490.99', 'Room 1910', 'Not delivered', '2022-09-12', '2023-09-10', 97),
 (98, 98, '599.11', '3rd Floor', 'Delivered', '2022-11-14', '2023-03-07', 98),
 (99, 99, '706.42', 'Apt 544', 'Delivered', '2022-07-09', '2023-08-14', 99),
 (100, 100, '292.78', 'PO Box 92054', 'Delivered', '2022-05-20', '2023-10-02', 100);

create table tracking_details (
	track_id INT NOT NULL UNIQUE,
    FOREIGN KEY (track_id) REFERENCES orders (order_id)
    ON DELETE CASCADE,
	contact_number VARCHAR(50) NOT NULL,
	delivery_status VARCHAR(19) NOT NULL,
	location VARCHAR(50) NOT NULL
);

insert into tracking_details (track_id,contact_number, delivery_status, location) values 
 ( 1, '165 677 4956', 'Not dispatched yet', 'Room 1517'),
 ( 2, '474 615 0402', 'arrived', 'Apt 743'),
 ( 3, '814 643 8150', 'Not dispatched yet', '13th Floor'),
 ( 4, '347 799 9654', 'dispatched', 'Apt 1057'), 
 ( 5, '713 813 4977', 'arrived', 'PO Box 2872'),
 ( 6, '273 658 8198', 'out for delivery', 'Room 1702'),
 ( 7, '921 294 3995', 'Not dispatched yet', 'Room 585'),
 ( 8, '425 397 2963', 'out for delivery', 'Room 1615'),
 ( 9, '134 310 6286', 'out for delivery', 'PO Box 93599'),
 ( 10, '889 976 1263', 'out for delivery', 'Room 1255'),
 ( 11, '671 870 9837', 'dispatched', 'Suite 100'),
 ( 12, '364 672 8237', 'out for delivery', 'Suite 88'),
 ( 13, '871 586 0120', 'dispatched', '2nd Floor'),
 ( 14, '253 145 5988', 'delivered', 'Suite 26'),
 ( 15, '992 327 5545', 'out for delivery', 'Room 1386'),
 ( 16, '300 407 8747', 'dispatched', 'PO Box 35076'),
 ( 17, '210 848 3827', 'delivered', 'Suite 83'),
 ( 18, '861 433 6883', 'dispatched', 'Suite 15'),
 ( 19, '304 373 4444', 'arrived', 'Room 793'),
 ( 20, '427 981 5053', 'dispatched', 'Apt 462'),
 ( 21, '248 567 9586', 'Not dispatched yet', 'Room 1940'),
 ( 22, '233 427 9844', 'dispatched', 'Apt 529'),
 ( 23, '932 924 8697', 'delivered', 'Suite 21'),
 ( 24, '838 155 4332', 'out for delivery', '17th Floor'),
 ( 25, '784 734 5166', 'dispatched', 'PO Box 16073'),
 ( 26, '295 860 7039', 'Not dispatched yet', 'Apt 1157'),
 ( 27, '670 987 8625', 'Not dispatched yet', '10th Floor'),
 ( 28, '192 492 5920', 'arrived', 'Room 1310'),
 ( 29, '477 632 0155', 'out for delivery', 'PO Box 64431'),
 ( 30, '472 222 0106', 'Not dispatched yet', 'Suite 32'),
 ( 31, '451 417 6098', 'arrived', '7th Floor'),
 ( 32, '982 128 5462', 'delivered', 'Room 1380'),
 ( 33, '560 986 4555', 'out for delivery', 'Suite 49'),
 ( 34, '469 958 3504', 'dispatched', 'Suite 68'),
 ( 35, '184 639 0920', 'delivered', 'Room 1815'),
 ( 36, '867 683 6866', 'Not dispatched yet', 'Room 472'),
 ( 37, '354 505 7195', 'dispatched', 'Room 1048'),
 ( 38, '115 925 5843', 'arrived', '2nd Floor'),
 ( 39, '269 412 7402', 'dispatched', 'Room 983'),
 ( 40, '642 469 1779', 'dispatched', 'Room 910'),
 ( 41, '728 396 8943', 'dispatched', 'Room 1821'),
 ( 42, '626 845 8258', 'out for delivery', '20th Floor'),
 ( 43, '761 823 1910', 'arrived', 'Apt 1296'),
 ( 44, '922 887 7092', 'Not dispatched yet', 'Apt 1231'),
 ( 45, '680 281 2384', 'delivered', 'Apt 1633'),
 ( 46, '554 349 4870', 'out for delivery', 'Apt 710'),
 ( 47, '377 997 7856', 'out for delivery', '14th Floor'),
 ( 48, '125 133 5269', 'out for delivery', 'PO Box 27328'),
 ( 49, '209 598 7888', 'dispatched', '14th Floor'),
 ( 50, '440 198 1440', 'dispatched', 'Suite 2'),
 ( 51, '870 519 3011', 'Not dispatched yet', '19th Floor'),
 ( 52, '587 713 6234', 'out for delivery', 'Apt 505'),
 ( 53, '179 992 3845', 'dispatched', 'PO Box 47193'),
 ( 54, '665 730 5748', 'Not dispatched yet', 'Apt 1458'),
 ( 55, '977 119 5557', 'delivered', '6th Floor'),
 ( 56, '127 950 2154', 'delivered', 'Suite 4'),
 ( 57, '376 478 6358', 'dispatched', 'PO Box 84595'),
 ( 58, '877 348 1395', 'out for delivery', 'Suite 75'),
 ( 59, '732 295 4145', 'out for delivery', 'Room 1467'),
 ( 60, '202 110 3575', 'delivered', '9th Floor'),
 ( 61, '159 187 2582', 'delivered', 'Suite 16'),
 ( 62, '174 400 7558', 'Not dispatched yet', 'Suite 63'),
 ( 63, '191 464 0786', 'dispatched', 'Apt 1082'),
 ( 64, '501 575 0965', 'dispatched', 'Room 806'),
 ( 65, '584 978 3395', 'out for delivery', '16th Floor'),
 ( 66, '367 941 8367', 'delivered', 'Apt 910'),
 ( 67, '172 464 3090', 'Not dispatched yet', 'Room 224'),
 ( 68, '891 123 9049', 'dispatched', 'Room 646'),
 ( 69, '456 976 8939', 'out for delivery', 'Apt 1881'),
 ( 70, '533 142 1974', 'Not dispatched yet', 'Apt 198'),
 ( 71, '398 244 5885', 'Not dispatched yet', 'Room 1676'),
 ( 72, '594 865 5198', 'out for delivery', 'Suite 60'),
 ( 73, '726 163 5617', 'arrived', 'PO Box 43981'),
 ( 74, '478 476 9305', 'arrived', '20th Floor'),
 ( 75, '336 464 8798', 'dispatched', 'PO Box 33951'),
 ( 76, '714 318 0270', 'delivered', 'PO Box 77878'),
 ( 77, '907 933 3687', 'dispatched', 'Room 1905'),
 ( 78, '158 616 9124', 'out for delivery', 'Suite 85'),
 ( 79, '704 536 1062', 'out for delivery', '10th Floor'),
 ( 80, '770 394 4388', 'out for delivery', 'Room 1121'),
 ( 81, '588 349 0146', 'dispatched', 'Room 451'),
 ( 82, '735 422 6701', 'delivered', '18th Floor'),
 ( 83, '958 593 4267', 'arrived', 'Suite 69'),
 ( 84, '859 353 3464', 'arrived', 'Apt 1741'),
 ( 85, '262 646 3240', 'arrived', 'Suite 87'),
 ( 86, '749 281 6211', 'out for delivery', 'Room 1867'),
 ( 87, '123 843 1599', 'arrived', 'Room 1835'),
 ( 88, '135 173 1823', 'arrived', 'Apt 1607'),
 ( 89, '907 602 5604', 'dispatched', 'Apt 302'),
 ( 90, '557 190 8823', 'arrived', 'Suite 12'),
 ( 91, '924 740 4937', 'out for delivery', 'Room 1251'),
 ( 92, '165 308 8246', 'Not dispatched yet', 'Apt 1456'),
 ( 93, '360 921 7459', 'out for delivery', 'Suite 23'),
 ( 94, '199 115 7488', 'out for delivery', 'Suite 57'),
 ( 95, '661 746 9841', 'Not dispatched yet', 'PO Box 61501'),
 ( 96, '132 560 8975', 'dispatched', 'PO Box 82980'),
 ( 97, '517 105 8430', 'dispatched', 'PO Box 36970'),
 ( 98, '102 738 0871', 'Not dispatched yet', '13th Floor'),
 ( 99, '250 136 4930', 'delivered', 'Room 355'),
 (100, '103 745 6861', 'delivered', 'efferf');
 
 create table categ_prod (
	prod_id INT,
    categ_id INT,
	CONSTRAINT categ_prod PRIMARY KEY (prod_id, categ_id),
	CONSTRAINT CK_prod
	FOREIGN KEY (prod_id) REFERENCES product (product_id)
    ON DELETE CASCADE,
	CONSTRAINT CK_categ
	FOREIGN KEY (categ_id) REFERENCES category (category_id)
    ON DELETE CASCADE
);

insert into categ_prod (prod_id,categ_id) values 
(1,1),
(2,2),
(3,3),
(4,4),
(5,5),
(6,6),
(7,7),
(8,8),
(9,9),
(10,10),
(11,11),
(12,12),
(13,13),
(14,14),
(15,15),
(16,16),
(17,17),
(18,18),
(19,19),
(21,21),
(22,22),
(23,23),
(24,24),
(25,25),
(26,26),
(27,27),
(28,28),
(29,29),
(30,30),
(31,31),
(32,32),
(33,33),
(34,34),
(35,35),
(36,36),
(37,37),
(38,38),
(39,39),
(40,40),
(41,41),
(42,42),
(43,43),
(44,44),
(45,45),
(46,46),
(47,47),
(48,48),
(49,49),
(50,50),
(51,51),
(52,52),
(53,53),
(54,54),
(55,55),
(56,56),
(57,57),
(58,58),
(59,59),
(60,60),
(61,61),
(62,62),
(63,63),
(64,64),
(65,65),
(66,66),
(67,67),
(68,68),
(69,69),
(70,70),
(71,71),
(72,72),
(73,73),
(74,74),
(75,75),
(76,76),
(77,77),
(78,78),
(79,79),
(80,80),
(81,81),
(82,82),
(83,83),
(84,84),
(85,85),
(86,86),
(87,87),
(88,88),
(89,89),
(90,90),
(91,91),
(92,92),
(93,93),
(94,94),
(95,95),
(96,96),
(97,97),
(98,98),
(99,99),
(100,100);

 create table deal_prod (
	prod_id INT,
    deal_id INT,
	CONSTRAINT deal_prod PRIMARY KEY (prod_id, deal_id),
	CONSTRAINT DK_prod
	FOREIGN KEY (prod_id) REFERENCES product (product_id)
    ON DELETE CASCADE,
	CONSTRAINT DK_deal
	FOREIGN KEY (deal_id) REFERENCES dealer (dealer_id)
    ON DELETE CASCADE
);

insert into deal_prod (prod_id,deal_id) values 
(1,1),
(2,1),
(3,1),
(4,1),
(5,1),
(6,1),
(7,1),
(8,1),
(9,1),
(10,1),
(11,1),
(12,1),
(13,1),
(14,1),
(15,1),
(16,1),
(17,1),
(18,1),
(19,1),
(20,1),
(21,1),
(22,1),
(23,1),
(24,1),
(25,1),
(26,1),
(27,1),
(28,1),
(29,1),
(30,1),
(31,1),
(32,1),
(33,1),
(34,1),
(35,1),
(36,1),
(37,1),
(38,1),
(39,1),
(40,1),
(41,1),
(42,1),
(43,1),
(44,1),
(45,1),
(46,1),
(47,1),
(48,1),
(49,1),
(50,1),
(51,1),
(52,1),
(53,1),
(54,1),
(55,1),
(56,1),
(57,1),
(58,1),
(59,1),
(60,1),
(61,1),
(62,1),
(63,1),
(64,1),
(65,1),
(66,1),
(67,1),
(68,1),
(69,1),
(70,1),
(71,1),
(72,1),
(73,1),
(74,1),
(75,1),
(76,1),
(77,1),
(78,1),
(79,1),
(80,1),
(81,1),
(82,1),
(83,1),
(84,1),
(85,1),
(86,1),
(87,1),
(88,1),
(89,1),
(90,1),
(91,1),
(92,1),
(93,1),
(94,1),
(95,1),
(96,1),
(97,1),
(98,1),
(99,1),
(100,1),
(1,2),
(2,2),
(3,3),
(4,4),
(5,5),
(6,6),
(7,7),
(8,8),
(9,9),
(10,9),
(10,10),
(10,21),
(10,20),
(11,11),
(12,12),
(13,13),
(14,14),
(15,15),
(16,16),
(17,17),
(18,18),
(19,19),
(20,20),
(21,21),
(22,22),
(23,23),
(24,24),
(25,25),
(26,26),
(27,27),
(28,28),
(29,29),
(30,30),
(31,31),
(32,32),
(33,33),
(34,34),
(35,35),
(36,36),
(37,37),
(38,38),
(39,39),
(40,40),
(41,41),
(42,42),
(43,43),
(44,44),
(45,45),
(46,46),
(47,47),
(48,48),
(49,49),
(50,50),
(51,51),
(52,52),
(53,53),
(54,54),
(55,55),
(56,56),
(57,57),
(58,58),
(59,59),
(60,60),
(61,61),
(62,62),
(63,63),
(64,64),
(65,65),
(66,66),
(67,67),
(68,68),
(69,69),
(70,70),
(71,71),
(72,72),
(73,73),
(74,74),
(75,75),
(76,76),
(77,77),
(78,78),
(79,79),
(80,80),
(81,81),
(82,82),
(83,83),
(84,84),
(85,85),
(86,86),
(87,87),
(88,88),
(89,89),
(90,90),
(91,91),
(92,92),
(93,93),
(94,94),
(95,95),
(96,96),
(97,97),
(98,98),
(99,99),
(100,100);

create table cart_prod (
	prod_id INT,
    cart_id INT,
    quantity INT NOT NULL,
	CONSTRAINT cart_prod PRIMARY KEY (prod_id, cart_id),
	CONSTRAINT CPK_prod
	FOREIGN KEY (prod_id) REFERENCES product (product_id)
    ON DELETE CASCADE,
	CONSTRAINT CPK_cart
	FOREIGN KEY (cart_id) REFERENCES cart (cart_id)
    ON DELETE CASCADE
);

delimiter //
CREATE TRIGGER update_cart_total
AFTER INSERT ON cart_prod
FOR EACH ROW
BEGIN
  UPDATE cart
  SET total_cost = total_cost + (SELECT product.product_cost * NEW.quantity FROM product WHERE product.product_id = NEW.prod_id)
  WHERE cart_id = NEW.cart_id;
END;//
delimiter ;

delimiter //
CREATE TRIGGER cart_prod_quantity_check_insert_trigger
BEFORE INSERT ON cart_prod
FOR EACH ROW
BEGIN
    DECLARE product_qty INT;
    SELECT Quantity INTO product_qty FROM product WHERE product.product_id = NEW.prod_id;
    IF NEW.quantity > product_qty THEN
        SIGNAL SQLSTATE '45000' 
        SET MESSAGE_TEXT = 'Cannot add product to cart: Quantity requested exceeds available stock';
    END IF;
END;//
delimiter ;

insert into cart_prod (prod_id,cart_id,quantity) values 
(99,39,8),
(64,31,4),
(57,51,6),
(22,9,3),
(55,100,6),
(34,72,6),
(9,69,8),
(98,13,5),
(39,64,4),
(60,17,3),
(52,26,7),
(93,11,5),
(56,41,5),
(24,59,5),
(32,73,2),
(51,54,8),
(86,68,7),
(40,68,6),
(65,15,2),
(83,25,1),
(74,48,1),
(40,88,1),
(11,58,6),
(25,28,3),
(23,58,1),
(70,77,8),
(59,23,1),
(14,88,5),
(21,42,2),
(5,35,2),
(22,72,3),
(33,10,6),
(62,85,5),
(14,91,2),
(47,45,5),
(74,1,8),
(51,100,1),
(84,51,2),
(82,67,1),
(91,77,7),
(93,88,6),
(74,44,8),
(59,96,4),
(71,81,2),
(2,9,3),
(69,67,5),
(11,65,7),
(93,80,5),
(68,93,5),
(16,29,1),
(38,52,3),
(44,20,6),
(76,63,8),
(74,99,7),
(97,37,5),
(56,72,5),
(67,100,6),
(1,50,7),
(89,91,6),
(4,62,3),
(69,11,5),
(6,83,3),
(36,19,4),
(46,15,4),
(98,75,2),
(50,76,2),
(41,32,2),
(3,46,3),
(77,79,7),
(100,45,5),
(35,39,8),
(76,98,7),
(3,71,5),
(5,84,8),
(4,93,7),
(74,17,1),
(47,57,1),
(50,16,6),
(36,21,7),
(10,96,2),
(52,85,2),
(48,44,6),
(6,21,3),
(71,24,6),
(60,70,6),
(76,34,6),
(78,99,4),
(83,39,7),
(100,71,3),
(14,94,7),
(59,77,1),
(27,63,1),
(20,52,1),
(92,69,1),
(3,69,1),
(64,3,1),
(37,76,1),
(97,7,1),
(90,77,1),
(94,17,1);

create table customer_coupon (
	coupon_id INT,
    customer_id INT,
	CONSTRAINT customer_coupon PRIMARY KEY (coupon_id, customer_id),
	CONSTRAINT CPK_coupon
	FOREIGN KEY (coupon_id) REFERENCES coupon (coupon_id)
    ON DELETE CASCADE,
	CONSTRAINT CPK_custom
	FOREIGN KEY (customer_id) REFERENCES customer (customer_id)
    ON DELETE CASCADE
);

insert into customer_coupon (coupon_id, customer_id) values 
(1,1),
(2,1),
(3,1),
(4,1),
(5,1),
(6,1),
(7,1),
(8,1),
(9,1),
(10,1);


CREATE INDEX ix_custID ON customer (customer_id);
CREATE INDEX ix_adminID ON admins (admin_id);
CREATE INDEX ix_catID ON category (category_id);
CREATE INDEX ix_del_boyID ON delivery_boy (delivery_boy_id);
CREATE INDEX ix_prodID ON product (product_id);
CREATE INDEX ix_dealerID ON dealer (dealer_id);
CREATE INDEX ix_prodfeedID ON product_feedback (feedback_id,customer_id,product_id);
CREATE INDEX ix_couponID ON coupon (coupon_id);
CREATE INDEX ix_cartID ON cart (cart_id);
CREATE INDEX ix_orderID ON orders (order_id);
CREATE INDEX ix_trackingID ON tracking_details (track_id);
CREATE INDEX ix_categprodID ON categ_prod (prod_id, categ_id);
CREATE INDEX ix_cartprodID ON cart_prod (prod_id, cart_id);
CREATE INDEX ix_dealprodID ON deal_prod (prod_id, deal_id);

ALTER TABLE orders ADD CONSTRAINT check_cost CHECK (total_cost >= 0);
ALTER TABLE cart ADD CONSTRAINT check_cart_cost CHECK (total_cost >= 0);
ALTER TABLE customer ADD CONSTRAINT check_email_address CHECK (email_id LIKE '%@%.%');
ALTER TABLE dealer ADD CONSTRAINT check_email_address_deal CHECK (email_id LIKE '%@%.%');
ALTER TABLE delivery_boy ADD CONSTRAINT check_email_address_deliver CHECK (email_id LIKE '%@%.%');
ALTER TABLE product ADD CONSTRAINT check_cost_prod CHECK (product_cost > 0);
ALTER TABLE cart_prod ADD CONSTRAINT check_quant1 CHECK (quantity > 0);
ALTER TABLE product ADD CONSTRAINT check_quant_prod CHECK (quantity >= 0);
ALTER TABLE tracking_details ADD CONSTRAINT check_del_status CHECK (delivery_status IN ('Not dispatched yet', 'delivered', 'dispatched','out for delivery','arrived'));
ALTER TABLE orders ADD CONSTRAINT check_ord_status CHECK (order_status IN ('Not delivered', 'Delivered'));
ALTER TABLE product_feedback ADD CONSTRAINT check_rating CHECK (rating_given >= 0 and rating_given <= 5);
ALTER TABLE product_feedback ADD CONSTRAINT check_likes CHECK (likes >= 0);
